id,therapist_name,gender,modality,language,available_days,mode,experience_years,specialties
1,Dr. Abebe Tesfaye,Male,Cognitive Behavioral Therapy (CBT),['Amharic'],"['Tuesday', 'Thursday', 'Saturday', 'Wednesday', 'Friday']","['Video', 'Audio']",5,"['Test Anxiety', 'BPD', 'Financial Stress']"
2,Dr. Abeba Girma,Female,Gestalt Therapy,['English'],"['Friday', 'Monday', 'Saturday', 'Tuesday', 'Wednesday']","['Audio', 'Video']",4,"['PTSD', 'Self-Esteem Issues', 'Suicidal Ideation']"
3,Dr. Abdi Worku,Male,Schema Therapy,['Amharic'],"['Thursday', 'Sunday', 'Friday', 'Tuesday', 'Saturday']","['Audio', 'Video']",17,"['Test Anxiety', 'Sleep Disorders', 'Self-Esteem Issues']"
4,Dr. Abdulahi Kebede,Female,Cognitive Analytic Therapy (CAT),['Oromo'],"['Wednesday', 'Sunday', 'Monday', 'Thursday', 'Tuesday']","['Audio', 'Video']",14,"['Panic Disorders', 'ADHD', 'Generalized Anxiety Disorder (GAD)']"
5,Dr. Abera Demissie,Female,Mindfulness-Based Cognitive Therapy (MBCT),['Oromo'],"['Saturday', 'Wednesday', 'Monday', 'Thursday', 'Tuesday']","['Audio', 'Video']",5,"['Social Anxiety', 'ADHD', 'Relationships']"
6,Dr. Abiy Hailu,Female,Narrative Therapy,['Tigrinya'],"['Monday', 'Saturday', 'Sunday', 'Thursday', 'Friday']","['Audio', 'Video']",13,"['OCD', 'Social Anxiety', 'Somatic Complaints']"
7,Dr. Adane Fekadu,Male,Solution-Focused Brief Therapy (SFBT),['Oromo'],"['Saturday', 'Thursday', 'Tuesday', 'Monday', 'Friday']","['Video', 'Audio']",17,"['Financial Stress', 'Somatic Complaints', 'ADHD']"
8,Dr. Adugna Assefa,Male,Cognitive Behavioral Therapy (CBT),['Amharic'],"['Friday', 'Tuesday', 'Thursday', 'Monday', 'Sunday']","['Video', 'Audio']",14,"['PTSD', 'Eating Disorders', 'Adjustment Disorders']"
9,Dr. Alem Getachew,Female,Adlerian Therapy,['English'],"['Saturday', 'Thursday', 'Tuesday', 'Monday', 'Sunday']","['Audio', 'Video']",15,"['Relationships', 'Depression', 'Loneliness']"
10,Dr. Alemayehu Berhanu,Male,Integrative Counselling,['English'],"['Monday', 'Friday', 'Sunday', 'Thursday', 'Tuesday']","['Audio', 'Video']",4,"['Adjustment Disorders', 'Loneliness', 'Trauma']"
11,Dr. Almaz Mohammed,Female,Humanistic Therapy,['Tigrinya'],"['Monday', 'Sunday', 'Wednesday', 'Friday', 'Thursday']","['Video', 'Audio']",11,"['Grief and Loss', 'Test Anxiety', 'Stress']"
12,Dr. Amanuel Tadesse,Female,Psychoanalysis,['Amharic'],"['Tuesday', 'Wednesday', 'Sunday', 'Monday', 'Friday']","['Video', 'Audio']",19,"['Self-Esteem Issues', 'Social Anxiety', 'Interpersonal Violence']"
13,Dr. Amina Ali,Male,Emotionally Focused Therapy (EFT),['Oromo'],"['Saturday', 'Sunday', 'Friday', 'Monday', 'Wednesday']","['Audio', 'Video']",18,"['Relationships', 'Cultural Identity Stress', 'Grief and Loss']"
14,Dr. Asfaw Ahmed,Male,Schema Therapy,['Amharic'],"['Wednesday', 'Saturday', 'Tuesday', 'Monday', 'Friday']","['Audio', 'Video']",14,"['Suicidal Ideation', 'Substance Use', 'Panic Disorders']"
15,Dr. Asmare Hassen,Female,Psychodynamic Psychotherapy,['Oromo'],"['Sunday', 'Monday', 'Thursday', 'Tuesday', 'Saturday']","['Video', 'Audio']",9,"['Family Conflict', 'Loneliness', 'Family Conflict']"
16,Dr. Aster Abdullahi,Male,Integrative Counselling,['Oromo'],"['Monday', 'Thursday', 'Saturday', 'Tuesday', 'Friday']","['Audio', 'Video']",6,"['Generalized Anxiety Disorder (GAD)', 'Grief and Loss', 'Test Anxiety']"
17,Dr. Atsede Ibrahim,Male,Psychoanalysis,['Tigrinya'],"['Monday', 'Wednesday', 'Tuesday', 'Sunday', 'Friday']","['Audio', 'Video']",1,"['Generalized Anxiety Disorder (GAD)', 'OCD', 'Sleep Disorders']"
18,Dr. Ayele Gebre,Male,Jungian Therapy,['Oromo'],"['Thursday', 'Wednesday', 'Monday', 'Tuesday', 'Sunday']","['Audio', 'Video']",19,"['Stress', 'Suicidal Ideation', 'Loneliness']"
19,Dr. Aynalem Mekonnen,Male,Solution-Focused Brief Therapy (SFBT),['English'],"['Monday', 'Saturday', 'Friday', 'Tuesday', 'Sunday']","['Audio', 'Video']",19,"['Panic Disorders', 'Test Anxiety', 'Financial Stress']"
20,Dr. Belay Abebe,Female,Schema Therapy,['English'],"['Friday', 'Tuesday', 'Wednesday', 'Sunday', 'Monday']","['Video', 'Audio']",16,"['Self-Esteem Issues', 'Family Conflict', 'Substance Use']"
21,Dr. Bereket Ke/bede,Female,Existential Psychotherapy,['Amharic'],"['Saturday', 'Tuesday', 'Thursday', 'Friday', 'Wednesday']","['Video', 'Audio']",19,"['Self-Esteem Issues', 'Academic Burnout', 'Sleep Disorders']"
22,Dr. Berhanu Demissie,Female,Transactional Analysis (TA),['Amharic'],"['Friday', 'Sunday', 'Thursday', 'Monday', 'Saturday']","['Audio', 'Video']",9,"['BPD', 'Panic Disorders', 'Adjustment Disorders']"
23,Dr. Betelhem Worku,Female,Humanistic Therapy,['Oromo'],"['Saturday', 'Friday', 'Sunday', 'Thursday', 'Monday']","['Audio', 'Video']",14,"['Sleep Disorders', 'Mood Disorders', 'Loneliness']"
24,Dr. Beyene Girma,Male,Existential Psychotherapy,['Oromo'],"['Tuesday', 'Thursday', 'Saturday', 'Wednesday', 'Sunday']","['Audio', 'Video']",19,"['Generalized Anxiety Disorder (GAD)', 'Financial Stress', 'Loneliness']"
25,Dr. Biftu Tesfaye,Male,Emotionally Focused Therapy (EFT),['Tigrinya'],"['Wednesday', 'Monday', 'Saturday', 'Sunday', 'Thursday']","['Video', 'Audio']",17,"['Suicidal Ideation', 'Interpersonal Violence', 'Suicidal Ideation']"
26,Dr. Birhan Hailu,Male,Psychoanalysis,['Tigrinya'],"['Sunday', 'Saturday', 'Friday', 'Monday', 'Thursday']","['Audio', 'Video']",13,"['Suicidal Ideation', 'Trauma', 'Grief and Loss']"
27,Dr. Biruk Fekadu,Female,Cognitive Therapy,['Oromo'],"['Friday', 'Thursday', 'Tuesday', 'Sunday', 'Wednesday']","['Audio', 'Video']",13,"['Academic Burnout', 'Financial Stress', 'Anxiety']"
28,Dr. Bizuayehu Assefa,Male,Emotionally Focused Therapy (EFT),['Oromo'],"['Saturday', 'Tuesday', 'Thursday', 'Monday', 'Sunday']","['Video', 'Audio']",11,"['BPD', 'Trauma', 'Mood Disorders']"
29,Dr. Chaltu Getachew,Female,Adlerian Therapy,['English'],"['Friday', 'Saturday', 'Sunday', 'Thursday', 'Wednesday']","['Audio', 'Video']",14,"['Suicidal Ideation', 'Adjustment Disorders', 'Stress']"
30,Dr. Dagim Berhanu,Female,Schema Therapy,['English'],"['Thursday', 'Sunday', 'Monday', 'Saturday', 'Tuesday']","['Video', 'Audio']",19,"['Eating Disorders', 'Anxiety', 'Financial Stress']"
31,Dr. Dawit Mohammed,Male,Humanistic Therapy,['Amharic'],"['Wednesday', 'Sunday', 'Friday', 'Tuesday', 'Monday']","['Audio', 'Video']",15,"['BPD', 'ADHD', 'Panic Disorders']"
32,Dr. Dejene Tadesse,Female,Transactional Analysis (TA),['Tigrinya'],"['Thursday', 'Sunday', 'Monday', 'Friday', 'Saturday']","['Video', 'Audio']",8,"['BPD', 'BPD', 'Relationships']"
33,Dr. Demeke Ali,Female,Integrative Counselling,['Amharic'],"['Thursday', 'Tuesday', 'Wednesday', 'Saturday', 'Sunday']","['Audio', 'Video']",7,"['Mood Disorders', 'OCD', 'Trauma']"
34,Dr. Desta Ahmed,Female,Gestalt Therapy,['Oromo'],"['Thursday', 'Monday', 'Tuesday', 'Saturday', 'Friday']","['Audio', 'Video']",17,"['Interpersonal Violence', 'BPD', 'Substance Use']"
35,Dr. Diriba Hassen,Male,Integrative Counselling,['English'],"['Saturday', 'Wednesday', 'Sunday', 'Monday', 'Friday']","['Video', 'Audio']",3,"['Eating Disorders', 'Mood Disorders', 'PTSD']"
36,Dr. Eden Abdullahi,Female,Integrative Counselling,['Amharic'],"['Tuesday', 'Friday', 'Monday', 'Wednesday', 'Sunday']","['Video', 'Audio']",5,"['Social Anxiety', 'Anxiety', 'Somatic Complaints']"
37,Dr. Elias Ibrahim,Male,Solution-Focused Brief Therapy (SFBT),['Tigrinya'],"['Wednesday', 'Saturday', 'Monday', 'Friday', 'Thursday']","['Video', 'Audio']",11,"['OCD', 'Test Anxiety', 'Adjustment Disorders']"
38,Dr. Elsabet Gebre,Male,Gestalt Therapy,['Oromo'],"['Wednesday', 'Tuesday', 'Saturday', 'Friday', 'Thursday']","['Audio', 'Video']",10,"['Trauma', 'Interpersonal Violence', 'Family Conflict']"
39,Dr. Emebet Mekonnen,Male,Cognitive Therapy,['English'],"['Monday', 'Friday', 'Tuesday', 'Saturday', 'Sunday']","['Video', 'Audio']",6,"['Substance Use', 'Somatic Complaints', 'Mood Disorders']"
40,Dr. Endale Abebe,Male,Psychoanalysis,['English'],"['Saturday', 'Tuesday', 'Thursday', 'Wednesday', 'Friday']","['Video', 'Audio']",16,"['Cultural Identity Stress', 'Grief and Loss', 'Depression']"
41,Dr. Ephrem Kebede,Male,Jungian Therapy,['Oromo'],"['Tuesday', 'Friday', 'Thursday', 'Sunday', 'Monday']","['Audio', 'Video']",17,"['Sleep Disorders', 'Loneliness', 'ADHD']"
42,Dr. Eshetu Demissie,Female,Jungian Therapy,['Tigrinya'],"['Wednesday', 'Friday', 'Saturday', 'Sunday', 'Tuesday']","['Video', 'Audio']",15,"['Eating Disorders', 'Mood Disorders', 'Panic Disorders']"
43,Dr. Fanta Worku,Male,Integrative Counselling,['Oromo'],"['Thursday', 'Saturday', 'Sunday', 'Friday', 'Tuesday']","['Video', 'Audio']",15,"['ADHD', 'Stress', 'Grief and Loss']"
44,Dr. Fatuma Girma,Male,Narrative Therapy,['Oromo'],"['Sunday', 'Monday', 'Wednesday', 'Friday', 'Saturday']","['Audio', 'Video']",14,"['Grief and Loss', 'Generalized Anxiety Disorder (GAD)', 'Academic Burnout']"
45,Dr. Feker Tesfaye,Male,Schema Therapy,['Oromo'],"['Tuesday', 'Sunday', 'Wednesday', 'Thursday', 'Friday']","['Audio', 'Video']",3,"['Family Conflict', 'OCD', 'Trauma']"
46,Dr. Fikadu Hailu,Female,Cognitive Therapy,['Tigrinya'],"['Friday', 'Tuesday', 'Sunday', 'Wednesday', 'Saturday']","['Audio', 'Video']",4,"['BPD', 'Self-Esteem Issues', 'Somatic Complaints']"
47,Dr. Fikre Fekadu,Male,Psychoanalysis,['Oromo'],"['Sunday', 'Friday', 'Thursday', 'Tuesday', 'Monday']","['Audio', 'Video']",9,"['Trauma', 'Financial Stress', 'Mood Disorders']"
48,Dr. Fitsum Assefa,Female,Mindfulness-Based Cognitive Therapy (MBCT),['Amharic'],"['Friday', 'Wednesday', 'Saturday', 'Sunday', 'Thursday']","['Video', 'Audio']",4,"['Stress', 'Eating Disorders', 'Substance Use']"
49,Dr. Gadisa Getachew,Male,Dialectical Behavior Therapy (DBT),['Tigrinya'],"['Monday', 'Saturday', 'Sunday', 'Thursday', 'Tuesday']","['Video', 'Audio']",5,"['Trauma', 'Cultural Identity Stress', 'Grief and Loss']"
50,Dr. Galata Berhanu,Male,Existential Psychotherapy,['English'],"['Friday', 'Tuesday', 'Thursday', 'Monday', 'Sunday']","['Video', 'Audio']",16,"['Panic Disorders', 'PTSD', 'OCD']"
51,Dr. Gebeyehu Mohammed,Female,Person-Centred Therapy,['Amharic'],"['Monday', 'Tuesday', 'Wednesday', 'Sunday', 'Friday']","['Audio', 'Video']",4,"['Stress', 'Panic Disorders', 'Substance Use']"
52,Dr. Gedion Tadesse,Female,Adlerian Therapy,['Oromo'],"['Thursday', 'Tuesday', 'Sunday', 'Monday', 'Wednesday']","['Video', 'Audio']",11,"['Family Conflict', 'Stress', 'Somatic Complaints']"
53,Dr. Getachew Ali,Female,Solution-Focused Brief Therapy (SFBT),['English'],"['Monday', 'Sunday', 'Friday', 'Wednesday', 'Tuesday']","['Audio', 'Video']",8,"['Relationships', 'Trauma', 'ADHD']"
54,Dr. Girma Ahmed,Female,Mindfulness-Based Cognitive Therapy (MBCT),['English'],"['Wednesday', 'Thursday', 'Tuesday', 'Monday', 'Sunday']","['Video', 'Audio']",3,"['Relationships', 'Eating Disorders', 'Grief and Loss']"
55,Dr. Habtamu Hassen,Female,Interpersonal Psychotherapy (IPT),['Amharic'],"['Tuesday', 'Saturday', 'Sunday', 'Monday', 'Friday']","['Audio', 'Video']",4,"['Academic Burnout', 'Relationships', 'Financial Stress']"
56,Dr. Hagos Abdullahi,Male,Adlerian Therapy,['English'],"['Wednesday', 'Thursday', 'Sunday', 'Saturday', 'Friday']","['Audio', 'Video']",18,"['Interpersonal Violence', 'Depression', 'Family Conflict']"
57,Dr. Hailu Ibrahim,Female,Humanistic Therapy,['Oromo'],"['Tuesday', 'Wednesday', 'Friday', 'Monday', 'Saturday']","['Video', 'Audio']",5,"['Financial Stress', 'Anxiety', 'Social Anxiety']"
58,Dr. Hana Gebre,Male,Adlerian Therapy,['Oromo'],"['Thursday', 'Monday', 'Sunday', 'Friday', 'Wednesday']","['Video', 'Audio']",5,"['Anxiety', 'Interpersonal Violence', 'Mood Disorders']"
59,Dr. Hassen Mekonnen,Male,Cognitive Therapy,['Amharic'],"['Wednesday', 'Sunday', 'Tuesday', 'Thursday', 'Saturday']","['Video', 'Audio']",12,"['Test Anxiety', 'Relationships', 'Depression']"
60,Dr. Hiwot Abebe,Male,Schema Therapy,['Amharic'],"['Monday', 'Thursday', 'Saturday', 'Friday', 'Tuesday']","['Audio', 'Video']",16,"['Interpersonal Violence', 'Mood Disorders', 'Relationships']"
61,Dr. Ibrahim Kebede,Female,Cognitive Behavioral Therapy (CBT),['Oromo'],"['Sunday', 'Monday', 'Wednesday', 'Saturday', 'Friday']","['Audio', 'Video']",2,"['Loneliness', 'Anxiety', 'Grief and Loss']"
62,Dr. Jemal Demissie,Female,Solution-Focused Brief Therapy (SFBT),['Tigrinya'],"['Sunday', 'Tuesday', 'Thursday', 'Saturday', 'Monday']","['Audio', 'Video']",10,"['Stress', 'ADHD', 'Adjustment Disorders']"
63,Dr. Kalkidan Worku,Female,Transactional Analysis (TA),['Tigrinya'],"['Saturday', 'Thursday', 'Wednesday', 'Monday', 'Tuesday']","['Audio', 'Video']",18,"['PTSD', 'Loneliness', 'Social Anxiety']"
64,Dr. Kassa Girma,Female,Psychoanalysis,['English'],"['Tuesday', 'Friday', 'Saturday', 'Monday', 'Thursday']","['Audio', 'Video']",13,"['Self-Esteem Issues', 'Somatic Complaints', 'Cultural Identity Stress']"
65,Dr. Kebede Tesfaye,Male,Existential Psychotherapy,['English'],"['Wednesday', 'Tuesday', 'Friday', 'Thursday', 'Monday']","['Audio', 'Video']",12,"['Relationships', 'OCD', 'Suicidal Ideation']"
66,Dr. Kedir Hailu,Male,Mindfulness-Based Cognitive Therapy (MBCT),['Tigrinya'],"['Wednesday', 'Friday', 'Saturday', 'Tuesday', 'Monday']","['Video', 'Audio']",1,"['Self-Esteem Issues', 'Anxiety', 'Self-Esteem Issues']"
67,Dr. Lelisa Fekadu,Female,Psychodynamic Psychotherapy,['English'],"['Friday', 'Sunday', 'Wednesday', 'Saturday', 'Thursday']","['Video', 'Audio']",18,"['Grief and Loss', 'Depression', 'Mood Disorders']"
68,Dr. Lemlem Assefa,Male,Emotionally Focused Therapy (EFT),['Amharic'],"['Monday', 'Thursday', 'Saturday', 'Friday', 'Tuesday']","['Video', 'Audio']",16,"['Relationships', 'Interpersonal Violence', 'Depression']"
69,Dr. Lidya Getachew,Male,Transactional Analysis (TA),['English'],"['Saturday', 'Monday', 'Sunday', 'Wednesday', 'Friday']","['Audio', 'Video']",12,"['Self-Esteem Issues', 'Social Anxiety', 'Grief and Loss']"
70,Dr. Mamo Berhanu,Male,Person-Centred Therapy,['Amharic'],"['Thursday', 'Friday', 'Saturday', 'Tuesday', 'Monday']","['Video', 'Audio']",4,"['Relationships', 'Eating Disorders', 'Relationships']"
71,Dr. Marta Mohammed,Male,Cognitive Analytic Therapy (CAT),['English'],"['Wednesday', 'Friday', 'Thursday', 'Monday', 'Saturday']","['Video', 'Audio']",2,"['ADHD', 'Eating Disorders', 'Loneliness']"
72,Dr. Mehari Tadesse,Male,Interpersonal Psychotherapy (IPT),['English'],"['Saturday', 'Sunday', 'Wednesday', 'Thursday', 'Monday']","['Audio', 'Video']",17,"['Cultural Identity Stress', 'Eating Disorders', 'Self-Esteem Issues']"
73,Dr. Melaku Ali,Female,Person-Centred Therapy,['Oromo'],"['Thursday', 'Friday', 'Wednesday', 'Monday', 'Saturday']","['Audio', 'Video']",5,"['Academic Burnout', 'Substance Use', 'Substance Use']"
74,Dr. Mesfin Ahmed,Male,Cognitive Therapy,['Oromo'],"['Wednesday', 'Monday', 'Saturday', 'Thursday', 'Sunday']","['Video', 'Audio']",2,"['Social Anxiety', 'Substance Use', 'Loneliness']"
75,Dr. Mihret Hassen,Female,Existential Psychotherapy,['Amharic'],"['Tuesday', 'Monday', 'Saturday', 'Wednesday', 'Friday']","['Audio', 'Video']",15,"['Cultural Identity Stress', 'Grief and Loss', 'Trauma']"
76,Dr. Mohammed Abdullahi,Female,Mindfulness-Based Cognitive Therapy (MBCT),['Amharic'],"['Wednesday', 'Thursday', 'Tuesday', 'Sunday', 'Saturday']","['Video', 'Audio']",17,"['Grief and Loss', 'Stress', 'PTSD']"
77,Dr. Mulatu Ibrahim,Female,Acceptance and Commitment Therapy (ACT),['Amharic'],"['Thursday', 'Friday', 'Sunday', 'Monday', 'Tuesday']","['Video', 'Audio']",19,"['BPD', 'Sleep Disorders', 'Somatic Complaints']"
78,Dr. Mulugeta Gebre,Male,Humanistic Therapy,['Tigrinya'],"['Saturday', 'Wednesday', 'Sunday', 'Thursday', 'Monday']","['Audio', 'Video']",8,"['Family Conflict', 'Substance Use', 'Grief and Loss']"
79,Dr. Netsanet Mekonnen,Male,Acceptance and Commitment Therapy (ACT),['Amharic'],"['Saturday', 'Tuesday', 'Sunday', 'Monday', 'Thursday']","['Video', 'Audio']",16,"['Anxiety', 'Loneliness', 'Self-Esteem Issues']"
80,Dr. Rahel Abebe,Female,Solution-Focused Brief Therapy (SFBT),['Amharic'],"['Thursday', 'Sunday', 'Saturday', 'Friday', 'Monday']","['Audio', 'Video']",3,"['Trauma', 'Panic Disorders', 'ADHD']"
81,Dr. Ruth Kebede,Female,Cognitive Analytic Therapy (CAT),['English'],"['Thursday', 'Sunday', 'Wednesday', 'Saturday', 'Tuesday']","['Audio', 'Video']",6,"['Mood Disorders', 'Somatic Complaints', 'PTSD']"
82,Dr. Saba Demissie,Female,Cognitive Analytic Therapy (CAT),['Tigrinya'],"['Tuesday', 'Sunday', 'Saturday', 'Friday', 'Thursday']","['Video', 'Audio']",19,"['Grief and Loss', 'Panic Disorders', 'Anxiety']"
83,Dr. Samson Worku,Male,Jungian Therapy,['English'],"['Thursday', 'Wednesday', 'Monday', 'Saturday', 'Tuesday']","['Video', 'Audio']",2,"['Academic Burnout', 'Family Conflict', 'Test Anxiety']"
84,Dr. Seble Girma,Male,Cognitive Analytic Therapy (CAT),['Amharic'],"['Tuesday', 'Monday', 'Wednesday', 'Sunday', 'Friday']","['Video', 'Audio']",11,"['Financial Stress', 'Mood Disorders', 'Family Conflict']"
85,Dr. Selam Tesfaye,Male,Cognitive Behavioral Therapy (CBT),['English'],"['Sunday', 'Monday', 'Thursday', 'Saturday', 'Wednesday']","['Audio', 'Video']",17,"['Anxiety', 'Sleep Disorders', 'Academic Burnout']"
86,Dr. Senait Hailu,Male,Jungian Therapy,['Amharic'],"['Sunday', 'Monday', 'Saturday', 'Friday', 'Tuesday']","['Audio', 'Video']",2,"['Sleep Disorders', 'Cultural Identity Stress', 'Trauma']"
87,Dr. Sisay Fekadu,Male,Adlerian Therapy,['English'],"['Sunday', 'Friday', 'Wednesday', 'Tuesday', 'Saturday']","['Video', 'Audio']",8,"['Substance Use', 'Self-Esteem Issues', 'Somatic Complaints']"
88,Dr. Solomon Assefa,Female,Interpersonal Psychotherapy (IPT),['English'],"['Wednesday', 'Friday', 'Sunday', 'Tuesday', 'Saturday']","['Video', 'Audio']",8,"['Financial Stress', 'OCD', 'OCD']"
89,Dr. Tadesse Getachew,Female,Existential Psychotherapy,['English'],"['Monday', 'Tuesday', 'Saturday', 'Thursday', 'Wednesday']","['Video', 'Audio']",18,"['Trauma', 'Depression', 'ADHD']"
90,Dr. Tamirat Berhanu,Female,Schema Therapy,['Tigrinya'],"['Wednesday', 'Monday', 'Friday', 'Thursday', 'Saturday']","['Video', 'Audio']",6,"['Social Anxiety', 'Grief and Loss', 'Cultural Identity Stress']"
91,Dr. Tarekegn Mohammed,Female,Emotionally Focused Therapy (EFT),['Tigrinya'],"['Monday', 'Wednesday', 'Saturday', 'Friday', 'Thursday']","['Video', 'Audio']",12,"['Stress', 'Cultural Identity Stress', 'Depression']"
92,Dr. Tesfaye Tadesse,Male,Jungian Therapy,['Amharic'],"['Saturday', 'Wednesday', 'Tuesday', 'Thursday', 'Sunday']","['Audio', 'Video']",12,"['Substance Use', 'Mood Disorders', 'Generalized Anxiety Disorder (GAD)']"
93,Dr. Tewodros Ali,Female,Cognitive Therapy,['Amharic'],"['Friday', 'Wednesday', 'Sunday', 'Monday', 'Thursday']","['Video', 'Audio']",9,"['ADHD', 'Panic Disorders', 'Cultural Identity Stress']"
94,Dr. Tigist Ahmed,Female,Person-Centred Therapy,['Tigrinya'],"['Monday', 'Tuesday', 'Sunday', 'Saturday', 'Friday']","['Video', 'Audio']",18,"['Trauma', 'Depression', 'Social Anxiety']"
95,Dr. Wondimu Hassen,Male,Adlerian Therapy,['Oromo'],"['Wednesday', 'Thursday', 'Saturday', 'Monday', 'Sunday']","['Audio', 'Video']",5,"['Sleep Disorders', 'Social Anxiety', 'Somatic Complaints']"
96,Dr. Worku Abdullahi,Male,Mindfulness-Based Cognitive Therapy (MBCT),['Amharic'],"['Monday', 'Sunday', 'Saturday', 'Thursday', 'Friday']","['Video', 'Audio']",19,"['OCD', 'PTSD', 'Trauma']"
97,Dr. Yared Ibrahim,Male,Integrative Counselling,['Amharic'],"['Monday', 'Sunday', 'Saturday', 'Friday', 'Tuesday']","['Video', 'Audio']",4,"['Suicidal Ideation', 'Grief and Loss', 'Panic Disorders']"
98,Dr. Yonas Gebre,Male,Solution-Focused Brief Therapy (SFBT),['Amharic'],"['Saturday', 'Friday', 'Thursday', 'Tuesday', 'Sunday']","['Audio', 'Video']",14,"['Suicidal Ideation', 'Trauma', 'OCD']"
99,Dr. Zenebe Mekonnen,Female,Psychodynamic Psychotherapy,['Tigrinya'],"['Thursday', 'Wednesday', 'Sunday', 'Friday', 'Tuesday']","['Audio', 'Video']",7,"['Adjustment Disorders', 'Academic Burnout', 'Sleep Disorders']"
100,Dr. Saron Ashagrie,Male,Transactional Analysis (TA),['Amharic'],"['Friday', 'Sunday', 'Monday', 'Wednesday', 'Saturday']","['Audio', 'Video']",11,"['Family Conflict', 'Self-Esteem Issues', 'Anxiety']"
101,Dr. Abel Shiferaw,Female,Integrative Counselling,['Oromo'],"['Thursday', 'Tuesday', 'Monday', 'Saturday', 'Friday']","['Video', 'Audio']",15,"['Family Conflict', 'BPD', 'Trauma']"
102,Dr. Tsedey Asrat,Male,Existential Psychotherapy,['Oromo'],"['Thursday', 'Monday', 'Saturday', 'Wednesday', 'Friday']","['Video', 'Audio']",14,"['Depression', 'Sleep Disorders', 'Generalized Anxiety Disorder (GAD)']"
103,Dr. Wondimu Desta,Female,Existential Psychotherapy,['Tigrinya'],"['Sunday', 'Monday', 'Friday', 'Thursday', 'Wednesday']","['Video', 'Audio']",16,"['Financial Stress', 'Eating Disorders', 'Suicidal Ideation']"
104,Dr. Seblewongel Taye,Male,Psychoanalysis,['English'],"['Friday', 'Wednesday', 'Saturday', 'Tuesday', 'Thursday']","['Audio', 'Video']",8,"['Depression', 'Cultural Identity Stress', 'Cultural Identity Stress']"
105,Dr. Gashaw Bekele,Female,Psychodynamic Psychotherapy,['Amharic'],"['Sunday', 'Thursday', 'Friday', 'Monday', 'Saturday']","['Audio', 'Video']",1,"['BPD', 'Trauma', 'Family Conflict']"
106,Dr. Tsige Hailemichael,Female,Person-Centred Therapy,['Oromo'],"['Friday', 'Thursday', 'Sunday', 'Tuesday', 'Wednesday']","['Audio', 'Video']",13,"['Family Conflict', 'Trauma', 'Financial Stress']"
107,Dr. Mulugeta Gebremedhin,Male,Transactional Analysis (TA),['English'],"['Monday', 'Tuesday', 'Thursday', 'Saturday', 'Wednesday']","['Video', 'Audio']",4,"['Social Anxiety', 'Generalized Anxiety Disorder (GAD)', 'Relationships']"
108,Dr. Eden Solomon,Male,Dialectical Behavior Therapy (DBT),['Oromo'],"['Thursday', 'Wednesday', 'Tuesday', 'Friday', 'Monday']","['Audio', 'Video']",9,"['Suicidal Ideation', 'BPD', 'Adjustment Disorders']"
109,Dr. Tesfaye Demeke,Female,Existential Psychotherapy,['Oromo'],"['Thursday', 'Saturday', 'Friday', 'Tuesday', 'Wednesday']","['Video', 'Audio']",18,"['Panic Disorders', 'Stress', 'BPD']"
110,Dr. Lidya Eshetu,Male,Existential Psychotherapy,['Tigrinya'],"['Tuesday', 'Sunday', 'Monday', 'Saturday', 'Wednesday']","['Audio', 'Video']",15,"['Somatic Complaints', 'Self-Esteem Issues', 'Eating Disorders']"
111,Dr. Sisay Belachew,Female,Solution-Focused Brief Therapy (SFBT),['Tigrinya'],"['Wednesday', 'Tuesday', 'Saturday', 'Friday', 'Sunday']","['Video', 'Audio']",5,"['Depression', 'BPD', 'Self-Esteem Issues']"
112,Dr. Kidanemariam Alemu,Male,Adlerian Therapy,['Amharic'],"['Saturday', 'Sunday', 'Tuesday', 'Monday', 'Thursday']","['Audio', 'Video']",14,"['Grief and Loss', 'Depression', 'OCD']"
113,Dr. Dereje Tsegaye,Female,Acceptance and Commitment Therapy (ACT),['Oromo'],"['Friday', 'Sunday', 'Saturday', 'Thursday', 'Monday']","['Audio', 'Video']",11,"['Cultural Identity Stress', 'Family Conflict', 'BPD']"
114,Dr. Belaynesh Mekonnen,Female,Cognitive Behavioral Therapy (CBT),['Tigrinya'],"['Monday', 'Saturday', 'Wednesday', 'Sunday', 'Tuesday']","['Audio', 'Video']",14,"['Family Conflict', 'PTSD', 'Test Anxiety']"
115,Dr. Fikru Abebe,Male,Schema Therapy,['Amharic'],"['Friday', 'Thursday', 'Saturday', 'Tuesday', 'Wednesday']","['Video', 'Audio']",13,"['Generalized Anxiety Disorder (GAD)', 'BPD', 'Loneliness']"
116,Dr. Mahlet Worku,Male,Narrative Therapy,['Oromo'],"['Thursday', 'Sunday', 'Friday', 'Tuesday', 'Monday']","['Video', 'Audio']",16,"['Stress', 'Generalized Anxiety Disorder (GAD)', 'Somatic Complaints']"
117,Dr. Amanuel Desalegn,Male,Solution-Focused Brief Therapy (SFBT),['Amharic'],"['Sunday', 'Tuesday', 'Friday', 'Thursday', 'Wednesday']","['Audio', 'Video']",11,"['Family Conflict', 'Anxiety', 'Substance Use']"
118,Dr. Genet Berhanu,Male,Cognitive Therapy,['Oromo'],"['Sunday', 'Monday', 'Wednesday', 'Saturday', 'Tuesday']","['Video', 'Audio']",14,"['PTSD', 'Mood Disorders', 'Academic Burnout']"
119,Dr. Tewodros Kebede,Male,Integrative Counselling,['Tigrinya'],"['Monday', 'Thursday', 'Wednesday', 'Friday', 'Tuesday']","['Audio', 'Video']",9,"['Relationships', 'Somatic Complaints', 'Family Conflict']"
120,Dr. Selamawit Teshome,Male,Cognitive Analytic Therapy (CAT),['Amharic'],"['Monday', 'Saturday', 'Sunday', 'Friday', 'Wednesday']","['Audio', 'Video']",4,"['Generalized Anxiety Disorder (GAD)', 'Trauma', 'BPD']"
121,Dr. Endale Gebre,Female,Transactional Analysis (TA),['Oromo'],"['Tuesday', 'Sunday', 'Saturday', 'Thursday', 'Monday']","['Audio', 'Video']",10,"['Mood Disorders', 'Substance Use', 'Anxiety']"
122,Dr. Tigist Melaku,Female,Psychoanalysis,['Tigrinya'],"['Tuesday', 'Wednesday', 'Saturday', 'Sunday', 'Monday']","['Audio', 'Video']",15,"['Academic Burnout', 'Academic Burnout', 'Interpersonal Violence']"
123,Dr. Yohannes Adisu,Female,Interpersonal Psychotherapy (IPT),['English'],"['Sunday', 'Thursday', 'Tuesday', 'Saturday', 'Friday']","['Video', 'Audio']",6,"['Family Conflict', 'PTSD', 'Substance Use']"
124,Dr. Hiwot Fantahun,Male,Dialectical Behavior Therapy (DBT),['Tigrinya'],"['Friday', 'Sunday', 'Thursday', 'Monday', 'Saturday']","['Audio', 'Video']",1,"['Trauma', 'Substance Use', 'Test Anxiety']"
125,Dr. Gizachew Negash,Female,Gestalt Therapy,['Tigrinya'],"['Wednesday', 'Saturday', 'Sunday', 'Tuesday', 'Thursday']","['Video', 'Audio']",7,"['Family Conflict', 'Substance Use', 'Depression']"
126,Dr. Meseret Aklilu,Male,Cognitive Behavioral Therapy (CBT),['Oromo'],"['Monday', 'Tuesday', 'Wednesday', 'Saturday', 'Thursday']","['Video', 'Audio']",5,"['Mood Disorders', 'Self-Esteem Issues', 'Stress']"
127,Dr. Natnael Bekele,Male,Interpersonal Psychotherapy (IPT),['Tigrinya'],"['Thursday', 'Saturday', 'Sunday', 'Tuesday', 'Monday']","['Audio', 'Video']",5,"['Panic Disorders', 'OCD', 'Somatic Complaints']"
128,Dr. Aster Zewdu,Male,Dialectical Behavior Therapy (DBT),['Oromo'],"['Tuesday', 'Friday', 'Saturday', 'Sunday', 'Wednesday']","['Video', 'Audio']",19,"['PTSD', 'Self-Esteem Issues', 'Test Anxiety']"
129,Dr. Ephrem Tadesse,Male,Cognitive Analytic Therapy (CAT),['Oromo'],"['Monday', 'Friday', 'Tuesday', 'Thursday', 'Sunday']","['Video', 'Audio']",9,"['Cultural Identity Stress', 'Adjustment Disorders', 'Somatic Complaints']"
130,Dr. Senait Alebachew,Male,Mindfulness-Based Cognitive Therapy (MBCT),['Amharic'],"['Sunday', 'Monday', 'Thursday', 'Tuesday', 'Wednesday']","['Video', 'Audio']",5,"['Financial Stress', 'Generalized Anxiety Disorder (GAD)', 'Stress']"
131,Dr. Dawit Mekuria,Male,Psychoanalysis,['Oromo'],"['Tuesday', 'Monday', 'Thursday', 'Friday', 'Saturday']","['Video', 'Audio']",17,"['Adjustment Disorders', 'Anxiety', 'OCD']"
132,Dr. Lulit Tewodros,Female,Acceptance and Commitment Therapy (ACT),['Oromo'],"['Wednesday', 'Sunday', 'Thursday', 'Tuesday', 'Friday']","['Audio', 'Video']",6,"['Self-Esteem Issues', 'Stress', 'BPD']"
133,Dr. Zelalem Berihun,Female,Schema Therapy,['English'],"['Sunday', 'Thursday', 'Monday', 'Saturday', 'Tuesday']","['Video', 'Audio']",7,"['PTSD', 'BPD', 'Eating Disorders']"
134,Dr. Bethelhem Ashenafi,Female,Solution-Focused Brief Therapy (SFBT),['Amharic'],"['Friday', 'Tuesday', 'Sunday', 'Monday', 'Wednesday']","['Video', 'Audio']",13,"['Generalized Anxiety Disorder (GAD)', 'ADHD', 'Grief and Loss']"
135,Dr. Tamrat Hailu,Male,Cognitive Behavioral Therapy (CBT),['Amharic'],"['Saturday', 'Friday', 'Monday', 'Thursday', 'Tuesday']","['Audio', 'Video']",7,"['Mood Disorders', 'Cultural Identity Stress', 'Interpersonal Violence']"
136,Dr. Rahel Belete,Male,Jungian Therapy,['Tigrinya'],"['Thursday', 'Monday', 'Tuesday', 'Wednesday', 'Saturday']","['Video', 'Audio']",12,"['Self-Esteem Issues', 'Relationships', 'Mood Disorders']"
137,Dr. Samuel Tadese,Male,Cognitive Analytic Therapy (CAT),['English'],"['Monday', 'Thursday', 'Saturday', 'Wednesday', 'Friday']","['Audio', 'Video']",4,"['Family Conflict', 'Depression', 'Financial Stress']"
138,Dr. Fikerte Kassa,Female,Solution-Focused Brief Therapy (SFBT),['Oromo'],"['Tuesday', 'Monday', 'Wednesday', 'Thursday', 'Saturday']","['Audio', 'Video']",1,"['Eating Disorders', 'Loneliness', 'Financial Stress']"
139,Dr. Elias Mengistu,Male,Person-Centred Therapy,['English'],"['Saturday', 'Monday', 'Sunday', 'Thursday', 'Tuesday']","['Video', 'Audio']",2,"['Loneliness', 'BPD', 'Generalized Anxiety Disorder (GAD)']"
140,Dr. Zewditu Gebrekidan,Female,Person-Centred Therapy,['Oromo'],"['Monday', 'Thursday', 'Tuesday', 'Friday', 'Saturday']","['Audio', 'Video']",11,"['Academic Burnout', 'Generalized Anxiety Disorder (GAD)', 'Somatic Complaints']"
141,Dr. Abiyot Workneh,Female,Existential Psychotherapy,['English'],"['Tuesday', 'Monday', 'Sunday', 'Friday', 'Saturday']","['Audio', 'Video']",3,"['Anxiety', 'Social Anxiety', 'Somatic Complaints']"
142,Dr. Saron Kidane,Female,Emotionally Focused Therapy (EFT),['English'],"['Sunday', 'Saturday', 'Wednesday', 'Thursday', 'Monday']","['Video', 'Audio']",15,"['Self-Esteem Issues', 'Academic Burnout', 'Self-Esteem Issues']"
143,Dr. Kebede Belay,Male,Cognitive Analytic Therapy (CAT),['English'],"['Friday', 'Wednesday', 'Sunday', 'Saturday', 'Tuesday']","['Audio', 'Video']",9,"['Trauma', 'Test Anxiety', 'Loneliness']"
144,Dr. Gelila Endale,Male,Person-Centred Therapy,['English'],"['Thursday', 'Saturday', 'Monday', 'Friday', 'Sunday']","['Video', 'Audio']",6,"['Anxiety', 'Interpersonal Violence', 'Anxiety']"
145,Dr. Amare Demissie,Female,Narrative Therapy,['English'],"['Saturday', 'Friday', 'Sunday', 'Tuesday', 'Thursday']","['Video', 'Audio']",16,"['Interpersonal Violence', 'Grief and Loss', 'Sleep Disorders']"
146,Dr. Feven Tadese,Female,Jungian Therapy,['Amharic'],"['Tuesday', 'Thursday', 'Wednesday', 'Friday', 'Sunday']","['Video', 'Audio']",8,"['Substance Use', 'Panic Disorders', 'ADHD']"
147,Dr. Tewodros Ashenafi,Female,Gestalt Therapy,['Tigrinya'],"['Sunday', 'Friday', 'Wednesday', 'Saturday', 'Monday']","['Video', 'Audio']",5,"['Sleep Disorders', 'Interpersonal Violence', 'Interpersonal Violence']"
148,Dr. Hiwot Berihun,Male,Existential Psychotherapy,['English'],"['Thursday', 'Friday', 'Monday', 'Saturday', 'Tuesday']","['Audio', 'Video']",11,"['Relationships', 'Somatic Complaints', 'Mood Disorders']"
149,Dr. Getachew Lemma,Male,Integrative Counselling,['English'],"['Wednesday', 'Friday', 'Saturday', 'Monday', 'Tuesday']","['Video', 'Audio']",8,"['PTSD', 'Mood Disorders', 'Self-Esteem Issues']"
150,Dr. Meron Mulugeta,Male,Gestalt Therapy,['Amharic'],"['Tuesday', 'Friday', 'Monday', 'Thursday', 'Saturday']","['Video', 'Audio']",3,"['Social Anxiety', 'Grief and Loss', 'Sleep Disorders']"
151,Dr. Dagmawi Aklilu,Female,Schema Therapy,['Amharic'],"['Friday', 'Tuesday', 'Thursday', 'Wednesday', 'Monday']","['Audio', 'Video']",8,"['Grief and Loss', 'Loneliness', 'Financial Stress']"
152,Dr. Tinsae Habte,Female,Psychodynamic Psychotherapy,['Amharic'],"['Monday', 'Friday', 'Thursday', 'Saturday', 'Tuesday']","['Video', 'Audio']",15,"['Panic Disorders', 'ADHD', 'Test Anxiety']"
153,Dr. Taye Sisay,Female,Mindfulness-Based Cognitive Therapy (MBCT),['Amharic'],"['Monday', 'Thursday', 'Saturday', 'Friday', 'Tuesday']","['Audio', 'Video']",18,"['Loneliness', 'Family Conflict', 'Eating Disorders']"
154,Dr. Saba Zewdu,Female,Cognitive Analytic Therapy (CAT),['Tigrinya'],"['Saturday', 'Tuesday', 'Monday', 'Sunday', 'Friday']","['Audio', 'Video']",19,"['Suicidal Ideation', 'Stress', 'Self-Esteem Issues']"
155,Dr. Fisseha Tsegaye,Female,Dialectical Behavior Therapy (DBT),['Oromo'],"['Friday', 'Wednesday', 'Saturday', 'Monday', 'Sunday']","['Audio', 'Video']",1,"['Mood Disorders', 'Self-Esteem Issues', 'OCD']"
156,Dr. Mekdes Haile,Female,Existential Psychotherapy,['Oromo'],"['Saturday', 'Friday', 'Sunday', 'Monday', 'Tuesday']","['Audio', 'Video']",10,"['Test Anxiety', 'Trauma', 'Cultural Identity Stress']"
157,Dr. Biniyam Abebe,Female,Gestalt Therapy,['English'],"['Friday', 'Saturday', 'Wednesday', 'Monday', 'Thursday']","['Video', 'Audio']",13,"['Cultural Identity Stress', 'Depression', 'Panic Disorders']"
158,Dr. Selamawit Gebre,Female,Adlerian Therapy,['Amharic'],"['Tuesday', 'Thursday', 'Saturday', 'Monday', 'Wednesday']","['Video', 'Audio']",16,"['Suicidal Ideation', 'Eating Disorders', 'Stress']"
159,Dr. Gidey Yohannes,Male,Person-Centred Therapy,['Tigrinya'],"['Monday', 'Saturday', 'Sunday', 'Friday', 'Wednesday']","['Audio', 'Video']",13,"['Panic Disorders', 'Somatic Complaints', 'Depression']"
160,Dr. Liya Tewodros,Female,Transactional Analysis (TA),['Tigrinya'],"['Monday', 'Wednesday', 'Saturday', 'Thursday', 'Friday']","['Audio', 'Video']",17,"['Cultural Identity Stress', 'Depression', 'Trauma']"
161,Dr. Netsanet Alemu,Male,Transactional Analysis (TA),['Tigrinya'],"['Monday', 'Friday', 'Saturday', 'Sunday', 'Wednesday']","['Audio', 'Video']",2,"['Adjustment Disorders', 'BPD', 'BPD']"
162,Dr. Yohannes Bekele,Male,Dialectical Behavior Therapy (DBT),['Oromo'],"['Thursday', 'Sunday', 'Saturday', 'Monday', 'Friday']","['Video', 'Audio']",11,"['Loneliness', 'Cultural Identity Stress', 'Trauma']"
163,Dr. Alazar Solomon,Male,Jungian Therapy,['Tigrinya'],"['Saturday', 'Friday', 'Tuesday', 'Wednesday', 'Sunday']","['Video', 'Audio']",5,"['Suicidal Ideation', 'Stress', 'Generalized Anxiety Disorder (GAD)']"
164,Dr. Wubet Gebremichael,Male,Solution-Focused Brief Therapy (SFBT),['Tigrinya'],"['Tuesday', 'Sunday', 'Saturday', 'Friday', 'Wednesday']","['Audio', 'Video']",8,"['Stress', 'Loneliness', 'Relationships']"
165,Dr. Eyob Asfaw,Male,Narrative Therapy,['Tigrinya'],"['Sunday', 'Wednesday', 'Friday', 'Saturday', 'Tuesday']","['Audio', 'Video']",14,"['Panic Disorders', 'Trauma', 'PTSD']"
166,Dr. Tsion Bekele,Female,Person-Centred Therapy,['Tigrinya'],"['Wednesday', 'Sunday', 'Saturday', 'Thursday', 'Tuesday']","['Video', 'Audio']",10,"['Loneliness', 'Grief and Loss', 'Trauma']"
167,Dr. Habtamu Haile,Male,Gestalt Therapy,['Oromo'],"['Thursday', 'Saturday', 'Tuesday', 'Friday', 'Monday']","['Video', 'Audio']",8,"['Grief and Loss', 'Depression', 'BPD']"
168,Dr. Aster Negash,Male,Solution-Focused Brief Therapy (SFBT),['Amharic'],"['Friday', 'Wednesday', 'Tuesday', 'Monday', 'Thursday']","['Audio', 'Video']",12,"['Test Anxiety', 'Adjustment Disorders', 'OCD']"
169,Dr. Million Yohannes,Male,Adlerian Therapy,['Oromo'],"['Monday', 'Thursday', 'Tuesday', 'Sunday', 'Wednesday']","['Video', 'Audio']",2,"['Self-Esteem Issues', 'Family Conflict', 'Relationships']"
170,Dr. Mahlet Getachew,Male,Transactional Analysis (TA),['English'],"['Tuesday', 'Thursday', 'Wednesday', 'Sunday', 'Monday']","['Audio', 'Video']",8,"['Eating Disorders', 'Somatic Complaints', 'OCD']"
171,Dr. Amanuel Abebe,Female,Transactional Analysis (TA),['English'],"['Thursday', 'Wednesday', 'Tuesday', 'Sunday', 'Saturday']","['Video', 'Audio']",13,"['Academic Burnout', 'Self-Esteem Issues', 'Somatic Complaints']"
172,Dr. Kidist Belay,Male,Psychoanalysis,['English'],"['Tuesday', 'Wednesday', 'Saturday', 'Thursday', 'Sunday']","['Audio', 'Video']",12,"['Social Anxiety', 'Eating Disorders', 'Trauma']"
173,Dr. Dawit Bekele,Female,Adlerian Therapy,['Amharic'],"['Monday', 'Tuesday', 'Sunday', 'Saturday', 'Thursday']","['Video', 'Audio']",16,"['Financial Stress', 'Panic Disorders', 'Academic Burnout']"
174,Dr. Birtukan Tamrat,Male,Gestalt Therapy,['Oromo'],"['Sunday', 'Monday', 'Friday', 'Thursday', 'Wednesday']","['Video', 'Audio']",5,"['Family Conflict', 'Financial Stress', 'Social Anxiety']"
175,Dr. Tilahun Negash,Male,Acceptance and Commitment Therapy (ACT),['Oromo'],"['Monday', 'Sunday', 'Friday', 'Thursday', 'Tuesday']","['Audio', 'Video']",1,"['Somatic Complaints', 'ADHD', 'Anxiety']"
176,Dr. Eden Belay,Male,Psychodynamic Psychotherapy,['Tigrinya'],"['Sunday', 'Saturday', 'Wednesday', 'Thursday', 'Friday']","['Audio', 'Video']",3,"['Interpersonal Violence', 'Adjustment Disorders', 'Eating Disorders']"
177,Dr. Samson Bekele,Male,Acceptance and Commitment Therapy (ACT),['English'],"['Friday', 'Wednesday', 'Sunday', 'Tuesday', 'Thursday']","['Video', 'Audio']",17,"['Mood Disorders', 'Test Anxiety', 'Adjustment Disorders']"
178,Dr. Yodit Alemu,Male,Dialectical Behavior Therapy (DBT),['English'],"['Thursday', 'Saturday', 'Sunday', 'Tuesday', 'Monday']","['Video', 'Audio']",17,"['Test Anxiety', 'Sleep Disorders', 'Social Anxiety']"
179,Dr. Gadissa Dereje,Female,Cognitive Behavioral Therapy (CBT),['Amharic'],"['Monday', 'Saturday', 'Wednesday', 'Friday', 'Tuesday']","['Video', 'Audio']",15,"['Anxiety', 'BPD', 'ADHD']"
180,Dr. Genet Taye,Male,Gestalt Therapy,['Tigrinya'],"['Tuesday', 'Saturday', 'Wednesday', 'Sunday', 'Monday']","['Video', 'Audio']",3,"['Mood Disorders', 'Suicidal Ideation', 'Grief and Loss']"
181,Dr. Misgana Tesfaye,Female,Dialectical Behavior Therapy (DBT),['Amharic'],"['Saturday', 'Monday', 'Tuesday', 'Friday', 'Thursday']","['Audio', 'Video']",8,"['Social Anxiety', 'Family Conflict', 'Self-Esteem Issues']"
182,Dr. Lalise Mekonnen,Male,Person-Centred Therapy,['English'],"['Thursday', 'Wednesday', 'Tuesday', 'Sunday', 'Saturday']","['Video', 'Audio']",14,"['Panic Disorders', 'Interpersonal Violence', 'Suicidal Ideation']"
183,Dr. Abdi Alebachew,Male,Psychoanalysis,['English'],"['Monday', 'Thursday', 'Friday', 'Wednesday', 'Tuesday']","['Audio', 'Video']",4,"['Cultural Identity Stress', 'Substance Use', 'OCD']"
184,Dr. Hana Tadese,Male,Transactional Analysis (TA),['Oromo'],"['Tuesday', 'Wednesday', 'Friday', 'Monday', 'Sunday']","['Video', 'Audio']",5,"['Panic Disorders', 'ADHD', 'Social Anxiety']"
185,Dr. Girum Gebre,Male,Cognitive Therapy,['Tigrinya'],"['Thursday', 'Saturday', 'Wednesday', 'Friday', 'Monday']","['Audio', 'Video']",3,"['Stress', 'Test Anxiety', 'Test Anxiety']"
186,Dr. Beza Ashenafi,Female,Cognitive Behavioral Therapy (CBT),['English'],"['Saturday', 'Friday', 'Thursday', 'Sunday', 'Monday']","['Audio', 'Video']",9,"['Mood Disorders', 'Suicidal Ideation', 'Mood Disorders']"
187,Dr. Semere Kebede,Female,Acceptance and Commitment Therapy (ACT),['Amharic'],"['Friday', 'Sunday', 'Wednesday', 'Thursday', 'Tuesday']","['Video', 'Audio']",3,"['Test Anxiety', 'Adjustment Disorders', 'Substance Use']"
188,Dr. Marta Berhanu,Male,Adlerian Therapy,['Amharic'],"['Thursday', 'Wednesday', 'Sunday', 'Friday', 'Tuesday']","['Video', 'Audio']",18,"['Anxiety', 'Adjustment Disorders', 'Suicidal Ideation']"
189,Dr. Tsegaye Mekuria,Female,Person-Centred Therapy,['Tigrinya'],"['Thursday', 'Wednesday', 'Sunday', 'Monday', 'Saturday']","['Audio', 'Video']",17,"['Social Anxiety', 'Financial Stress', 'Substance Use']"
190,Dr. Senait Desta,Female,Narrative Therapy,['Tigrinya'],"['Tuesday', 'Monday', 'Saturday', 'Wednesday', 'Sunday']","['Video', 'Audio']",8,"['Somatic Complaints', 'Depression', 'Social Anxiety']"
191,Dr. Eyoel Tadesse,Male,Person-Centred Therapy,['English'],"['Thursday', 'Wednesday', 'Saturday', 'Friday', 'Tuesday']","['Audio', 'Video']",4,"['Substance Use', 'Self-Esteem Issues', 'Family Conflict']"
192,Dr. Mihretu Teshome,Male,Acceptance and Commitment Therapy (ACT),['Tigrinya'],"['Friday', 'Saturday', 'Sunday', 'Tuesday', 'Thursday']","['Audio', 'Video']",17,"['Test Anxiety', 'Adjustment Disorders', 'Generalized Anxiety Disorder (GAD)']"
193,Dr. Kassahun Worku,Female,Adlerian Therapy,['Tigrinya'],"['Friday', 'Monday', 'Tuesday', 'Saturday', 'Sunday']","['Video', 'Audio']",1,"['Somatic Complaints', 'Loneliness', 'Sleep Disorders']"
194,Dr. Tizita Hailu,Female,Mindfulness-Based Cognitive Therapy (MBCT),['Tigrinya'],"['Friday', 'Tuesday', 'Thursday', 'Wednesday', 'Saturday']","['Video', 'Audio']",11,"['PTSD', 'Cultural Identity Stress', 'Cultural Identity Stress']"
195,Dr. Arsema Tsegaye,Female,Acceptance and Commitment Therapy (ACT),['Oromo'],"['Thursday', 'Saturday', 'Wednesday', 'Tuesday', 'Friday']","['Audio', 'Video']",19,"['Somatic Complaints', 'Stress', 'Somatic Complaints']"
196,Dr. Nega Alemu,Male,Schema Therapy,['English'],"['Thursday', 'Friday', 'Wednesday', 'Monday', 'Saturday']","['Video', 'Audio']",7,"['Interpersonal Violence', 'Adjustment Disorders', 'BPD']"
197,Dr. Yidnekachew Gebre,Male,Psychoanalysis,['Tigrinya'],"['Saturday', 'Thursday', 'Friday', 'Tuesday', 'Wednesday']","['Audio', 'Video']",9,"['Trauma', 'Test Anxiety', 'Financial Stress']"
198,Dr. Frehiwot Bekele,Female,Integrative Counselling,['Oromo'],"['Tuesday', 'Wednesday', 'Friday', 'Saturday', 'Thursday']","['Audio', 'Video']",13,"['Family Conflict', 'Financial Stress', 'Substance Use']"
199,Dr. Mussie Tewodros,Male,Person-Centred Therapy,['English'],"['Saturday', 'Wednesday', 'Thursday', 'Monday', 'Tuesday']","['Video', 'Audio']",14,"['Anxiety', 'Stress', 'Cultural Identity Stress']"
200,Dr. Betelhem Alemu,Female,Cognitive Behavioral Therapy (CBT),['Amharic'],"['Saturday', 'Wednesday', 'Thursday', 'Tuesday', 'Sunday']","['Audio', 'Video']",19,"['Academic Burnout', 'Social Anxiety', 'Academic Burnout']"
201,Dr. Simeon Berihun,Male,Adlerian Therapy,['Tigrinya'],"['Wednesday', 'Sunday', 'Saturday', 'Thursday', 'Tuesday']","['Video', 'Audio']",14,"['Mood Disorders', 'Adjustment Disorders', 'Cultural Identity Stress']"
202,Dr. Lidya Abebe,Male,Gestalt Therapy,['English'],"['Thursday', 'Monday', 'Wednesday', 'Friday', 'Saturday']","['Audio', 'Video']",8,"['Somatic Complaints', 'BPD', 'Sleep Disorders']"
203,Dr. Adanech Tadesse,Male,Cognitive Behavioral Therapy (CBT),['Oromo'],"['Wednesday', 'Friday', 'Thursday', 'Saturday', 'Tuesday']","['Video', 'Audio']",4,"['Financial Stress', 'Interpersonal Violence', 'Trauma']"
204,Dr. Tewabech Kebede,Female,Existential Psychotherapy,['Tigrinya'],"['Thursday', 'Monday', 'Sunday', 'Wednesday', 'Friday']","['Video', 'Audio']",2,"['Relationships', 'Social Anxiety', 'OCD']"
205,Dr. Fikadu Bekele,Female,Interpersonal Psychotherapy (IPT),['Oromo'],"['Monday', 'Tuesday', 'Thursday', 'Saturday', 'Friday']","['Audio', 'Video']",19,"['Interpersonal Violence', 'Panic Disorders', 'Somatic Complaints']"
206,Dr. Gebeyaw Alemu,Male,Cognitive Analytic Therapy (CAT),['Tigrinya'],"['Monday', 'Friday', 'Thursday', 'Saturday', 'Sunday']","['Audio', 'Video']",13,"['Self-Esteem Issues', 'Trauma', 'Family Conflict']"
207,Dr. Werkinesh Berhanu,Female,Schema Therapy,['Tigrinya'],"['Monday', 'Saturday', 'Tuesday', 'Thursday', 'Wednesday']","['Audio', 'Video']",8,"['Somatic Complaints', 'Depression', 'Family Conflict']"
208,Dr. Yonas Tsegaye,Male,Transactional Analysis (TA),['Amharic'],"['Monday', 'Tuesday', 'Saturday', 'Friday', 'Sunday']","['Video', 'Audio']",6,"['Financial Stress', 'Suicidal Ideation', 'Mood Disorders']"
209,Dr. Ayelech Mekonnen,Female,Acceptance and Commitment Therapy (ACT),['Oromo'],"['Monday', 'Saturday', 'Friday', 'Tuesday', 'Wednesday']","['Video', 'Audio']",15,"['Family Conflict', 'Self-Esteem Issues', 'Financial Stress']"
210,Dr. Teshome Gebre,Male,Cognitive Therapy,['Amharic'],"['Saturday', 'Monday', 'Wednesday', 'Sunday', 'Thursday']","['Video', 'Audio']",15,"['Grief and Loss', 'Suicidal Ideation', 'Test Anxiety']"
211,Dr. Romanwork Hailu,Male,Adlerian Therapy,['English'],"['Wednesday', 'Thursday', 'Friday', 'Tuesday', 'Sunday']","['Audio', 'Video']",8,"['Relationships', 'Academic Burnout', 'Adjustment Disorders']"
212,Dr. Gedion Bekele,Female,Person-Centred Therapy,['Tigrinya'],"['Monday', 'Tuesday', 'Sunday', 'Wednesday', 'Thursday']","['Video', 'Audio']",7,"['Anxiety', 'Adjustment Disorders', 'Depression']"
213,Dr. Tsehaynesh Alemu,Male,Psychodynamic Psychotherapy,['Tigrinya'],"['Thursday', 'Tuesday', 'Saturday', 'Friday', 'Sunday']","['Audio', 'Video']",2,"['Trauma', 'Test Anxiety', 'OCD']"
214,Dr. Birhanu Tesfaye,Female,Cognitive Therapy,['Tigrinya'],"['Thursday', 'Monday', 'Saturday', 'Tuesday', 'Wednesday']","['Video', 'Audio']",3,"['Stress', 'Interpersonal Violence', 'ADHD']"
215,Dr. Etenesh Tadese,Male,Existential Psychotherapy,['English'],"['Friday', 'Thursday', 'Saturday', 'Wednesday', 'Tuesday']","['Video', 'Audio']",16,"['Somatic Complaints', 'Sleep Disorders', 'Self-Esteem Issues']"
216,Dr. Mekonnen Abebe,Female,Mindfulness-Based Cognitive Therapy (MBCT),['Tigrinya'],"['Monday', 'Saturday', 'Thursday', 'Wednesday', 'Friday']","['Video', 'Audio']",6,"['Interpersonal Violence', 'Suicidal Ideation', 'Substance Use']"
217,Dr. Yeshiwork Taye,Male,Acceptance and Commitment Therapy (ACT),['Oromo'],"['Friday', 'Saturday', 'Wednesday', 'Tuesday', 'Monday']","['Video', 'Audio']",17,"['Test Anxiety', 'Adjustment Disorders', 'PTSD']"
218,Dr. Asmamaw Gebre,Female,Integrative Counselling,['Oromo'],"['Saturday', 'Tuesday', 'Thursday', 'Sunday', 'Wednesday']","['Audio', 'Video']",17,"['BPD', 'Self-Esteem Issues', 'BPD']"
219,Dr. Tigist Alebachew,Male,Solution-Focused Brief Therapy (SFBT),['English'],"['Saturday', 'Monday', 'Thursday', 'Sunday', 'Tuesday']","['Audio', 'Video']",2,"['ADHD', 'Eating Disorders', 'Adjustment Disorders']"
221,Dr. Haimanot Mekuria,Male,Humanistic Therapy,['Tigrinya'],"['Sunday', 'Monday', 'Tuesday', 'Friday', 'Thursday']","['Video', 'Audio']",9,"['BPD', 'Self-Esteem Issues', 'Trauma']"
222,Dr. Getahun Tsegaye,Female,Adlerian Therapy,['Tigrinya'],"['Saturday', 'Friday', 'Tuesday', 'Monday', 'Sunday']","['Audio', 'Video']",17,"['Sleep Disorders', 'Academic Burnout', 'Suicidal Ideation']"
223,Dr. Yemilework Desta,Female,Gestalt Therapy,['Tigrinya'],"['Monday', 'Friday', 'Saturday', 'Tuesday', 'Wednesday']","['Video', 'Audio']",8,"['Adjustment Disorders', 'Adjustment Disorders', 'Eating Disorders']"
224,Dr. Fasil Alemu,Female,Cognitive Therapy,['Amharic'],"['Sunday', 'Monday', 'Saturday', 'Friday', 'Thursday']","['Video', 'Audio']",18,"['Anxiety', 'Relationships', 'Eating Disorders']"
225,Dr. Azalech Berhanu,Female,Adlerian Therapy,['English'],"['Monday', 'Thursday', 'Friday', 'Wednesday', 'Sunday']","['Audio', 'Video']",8,"['Loneliness', 'Mood Disorders', 'Sleep Disorders']"
226,Dr. Aklilu Teshome,Female,Cognitive Therapy,['Oromo'],"['Sunday', 'Wednesday', 'Friday', 'Thursday', 'Saturday']","['Audio', 'Video']",11,"['Trauma', 'Test Anxiety', 'Anxiety']"
227,Dr. Woyinshet Kebede,Male,Existential Psychotherapy,['Tigrinya'],"['Wednesday', 'Thursday', 'Monday', 'Friday', 'Sunday']","['Audio', 'Video']",11,"['Family Conflict', 'Depression', 'Family Conflict']"
228,Dr. Mengistu Bekele,Female,Acceptance and Commitment Therapy (ACT),['Tigrinya'],"['Monday', 'Thursday', 'Saturday', 'Friday', 'Tuesday']","['Audio', 'Video']",12,"['Depression', 'Relationships', 'Anxiety']"
229,Dr. Tsehay Tadese,Female,Gestalt Therapy,['Amharic'],"['Monday', 'Thursday', 'Sunday', 'Wednesday', 'Friday']","['Video', 'Audio']",14,"['Somatic Complaints', 'Cultural Identity Stress', 'Sleep Disorders']"
230,Dr. Nebiyu Gebre,Male,Existential Psychotherapy,['Oromo'],"['Monday', 'Sunday', 'Thursday', 'Saturday', 'Wednesday']","['Audio', 'Video']",1,"['Mood Disorders', 'Cultural Identity Stress', 'Anxiety']"
231,Dr. Belaynesh Alemu,Male,Psychoanalysis,['Tigrinya'],"['Tuesday', 'Thursday', 'Saturday', 'Sunday', 'Monday']","['Video', 'Audio']",12,"['Somatic Complaints', 'Cultural Identity Stress', 'ADHD']"
232,Dr. Tadesse Berihun,Male,Dialectical Behavior Therapy (DBT),['English'],"['Tuesday', 'Monday', 'Saturday', 'Wednesday', 'Sunday']","['Audio', 'Video']",12,"['Family Conflict', 'Stress', 'Eating Disorders']"
233,Dr. Roman Tsegaye,Male,Jungian Therapy,['English'],"['Friday', 'Monday', 'Saturday', 'Sunday', 'Tuesday']","['Video', 'Audio']",10,"['Panic Disorders', 'OCD', 'Somatic Complaints']"
234,Dr. Mesfin Abebe,Female,Interpersonal Psychotherapy (IPT),['Amharic'],"['Monday', 'Wednesday', 'Sunday', 'Saturday', 'Friday']","['Video', 'Audio']",13,"['Suicidal Ideation', 'Anxiety', 'Interpersonal Violence']"
235,Dr. Tsehaynesh Mekonnen,Female,Schema Therapy,['English'],"['Wednesday', 'Monday', 'Tuesday', 'Sunday', 'Friday']","['Video', 'Audio']",11,"['Panic Disorders', 'Adjustment Disorders', 'Cultural Identity Stress']"
236,Dr. Yitbarek Bekele,Female,Mindfulness-Based Cognitive Therapy (MBCT),['Oromo'],"['Wednesday', 'Sunday', 'Saturday', 'Monday', 'Friday']","['Audio', 'Video']",3,"['Somatic Complaints', 'Depression', 'PTSD']"
237,Dr. Yeshi Alemu,Male,Adlerian Therapy,['Amharic'],"['Wednesday', 'Thursday', 'Tuesday', 'Saturday', 'Monday']","['Audio', 'Video']",1,"['Adjustment Disorders', 'Generalized Anxiety Disorder (GAD)', 'Academic Burnout']"
238,Dr. Gashaw Tadesse,Female,Cognitive Analytic Therapy (CAT),['English'],"['Saturday', 'Tuesday', 'Wednesday', 'Thursday', 'Monday']","['Audio', 'Video']",8,"['Self-Esteem Issues', 'Self-Esteem Issues', 'ADHD']"
239,Dr. Werkinesh Gebre,Male,Interpersonal Psychotherapy (IPT),['Tigrinya'],"['Monday', 'Thursday', 'Sunday', 'Tuesday', 'Friday']","['Video', 'Audio']",14,"['Family Conflict', 'Financial Stress', 'Eating Disorders']"
240,Dr. Fikadu Berhanu,Female,Person-Centred Therapy,['Amharic'],"['Sunday', 'Friday', 'Saturday', 'Wednesday', 'Thursday']","['Video', 'Audio']",12,"['Panic Disorders', 'Adjustment Disorders', 'Suicidal Ideation']"
241,Dr. Azeb Mekuria,Male,Cognitive Therapy,['English'],"['Saturday', 'Monday', 'Friday', 'Thursday', 'Sunday']","['Video', 'Audio']",9,"['PTSD', 'Self-Esteem Issues', 'Financial Stress']"
242,Dr. Zemedkun Tsegaye,Male,Gestalt Therapy,['Amharic'],"['Thursday', 'Sunday', 'Friday', 'Wednesday', 'Tuesday']","['Audio', 'Video']",16,"['Stress', 'ADHD', 'Social Anxiety']"
243,Dr. Haimanot Desta,Male,Solution-Focused Brief Therapy (SFBT),['Oromo'],"['Monday', 'Friday', 'Tuesday', 'Sunday', 'Saturday']","['Video', 'Audio']",10,"['Anxiety', 'OCD', 'Somatic Complaints']"
244,Dr. Getahun Alemu,Male,Humanistic Therapy,['English'],"['Saturday', 'Tuesday', 'Sunday', 'Wednesday', 'Friday']","['Video', 'Audio']",15,"['Relationships', 'Loneliness', 'Loneliness']"
245,Dr. Yemilework Teshome,Female,Integrative Counselling,['Tigrinya'],"['Saturday', 'Monday', 'Wednesday', 'Friday', 'Sunday']","['Video', 'Audio']",16,"['Grief and Loss', 'Sleep Disorders', 'Adjustment Disorders']"
246,Dr. Fasil Bekele,Female,Gestalt Therapy,['Tigrinya'],"['Monday', 'Friday', 'Wednesday', 'Sunday', 'Saturday']","['Audio', 'Video']",11,"['Financial Stress', 'Mood Disorders', 'Trauma']"
247,Dr. Azalech Tadesse,Female,Psychodynamic Psychotherapy,['English'],"['Thursday', 'Wednesday', 'Monday', 'Tuesday', 'Saturday']","['Audio', 'Video']",14,"['Financial Stress', 'Mood Disorders', 'Social Anxiety']"
248,Dr. Aklilu Gebre,Male,Narrative Therapy,['Tigrinya'],"['Friday', 'Sunday', 'Saturday', 'Tuesday', 'Wednesday']","['Audio', 'Video']",3,"['Grief and Loss', 'Somatic Complaints', 'OCD']"
249,Dr. Woyinshet Berihan,Female,Solution-Focused Brief Therapy (SFBT),['Amharic'],"['Saturday', 'Sunday', 'Monday', 'Thursday', 'Tuesday']","['Video', 'Audio']",3,"['Test Anxiety', 'Mood Disorders', 'Academic Burnout']"
250,Dr. Mengistu Alemu,Male,Narrative Therapy,['English'],"['Sunday', 'Saturday', 'Monday', 'Friday', 'Thursday']","['Audio', 'Video']",4,"['Eating Disorders', 'PTSD', 'Academic Burnout']"
251,Dr. Tsehay Kebede,Female,Dialectical Behavior Therapy (DBT),['Amharic'],"['Monday', 'Thursday', 'Friday', 'Saturday', 'Tuesday']","['Audio', 'Video']",7,"['Sleep Disorders', 'Social Anxiety', 'Relationships']"
252,Dr. Nebiyu Tadese,Male,Mindfulness-Based Cognitive Therapy (MBCT),['Amharic'],"['Sunday', 'Monday', 'Friday', 'Wednesday', 'Saturday']","['Video', 'Audio']",13,"['Generalized Anxiety Disorder (GAD)', 'Stress', 'Loneliness']"
253,Dr. Belaynesh Bekele,Male,Jungian Therapy,['Amharic'],"['Wednesday', 'Friday', 'Sunday', 'Saturday', 'Monday']","['Audio', 'Video']",18,"['Family Conflict', 'Eating Disorders', 'Depression']"
254,Dr. Tadesse Abebe,Female,Emotionally Focused Therapy (EFT),['Amharic'],"['Saturday', 'Thursday', 'Monday', 'Sunday', 'Friday']","['Audio', 'Video']",11,"['Grief and Loss', 'Financial Stress', 'Sleep Disorders']"
255,Dr. Roman Gebre,Female,Humanistic Therapy,['Amharic'],"['Saturday', 'Friday', 'Sunday', 'Thursday', 'Tuesday']","['Video', 'Audio']",11,"['Interpersonal Violence', 'Social Anxiety', 'Eating Disorders']"
256,Dr. Mesfin Tsegaye,Female,Integrative Counselling,['English'],"['Saturday', 'Thursday', 'Sunday', 'Monday', 'Tuesday']","['Video', 'Audio']",15,"['Relationships', 'Eating Disorders', 'Panic Disorders']"
257,Dr. Tsehaynesh Alebachew,Female,Cognitive Therapy,['Oromo'],"['Friday', 'Wednesday', 'Monday', 'Tuesday', 'Thursday']","['Video', 'Audio']",2,"['Academic Burnout', 'Test Anxiety', 'Grief and Loss']"
258,Dr. Yitbarek Mekuria,Female,Interpersonal Psychotherapy (IPT),['Amharic'],"['Tuesday', 'Saturday', 'Sunday', 'Wednesday', 'Monday']","['Audio', 'Video']",5,"['Panic Disorders', 'Substance Use', 'Grief and Loss']"
259,Dr. Yeshi Desta,Male,Integrative Counselling,['Amharic'],"['Saturday', 'Friday', 'Thursday', 'Wednesday', 'Sunday']","['Audio', 'Video']",15,"['Stress', 'Panic Disorders', 'Cultural Identity Stress']"
260,Dr. Gashaw Teshome,Female,Psychodynamic Psychotherapy,['Oromo'],"['Sunday', 'Wednesday', 'Tuesday', 'Thursday', 'Saturday']","['Audio', 'Video']",16,"['Generalized Anxiety Disorder (GAD)', 'Interpersonal Violence', 'Academic Burnout']"
261,Dr. Werkinesh Berihun,Female,Humanistic Therapy,['Oromo'],"['Saturday', 'Monday', 'Thursday', 'Friday', 'Sunday']","['Video', 'Audio']",19,"['Generalized Anxiety Disorder (GAD)', 'BPD', 'Grief and Loss']"
262,Dr. Fikadu Alemu,Male,Acceptance and Commitment Therapy (ACT),['Tigrinya'],"['Tuesday', 'Sunday', 'Thursday', 'Monday', 'Saturday']","['Audio', 'Video']",19,"['Social Anxiety', 'Grief and Loss', 'Panic Disorders']"
263,Dr. Azeb Tadesse,Female,Person-Centred Therapy,['Tigrinya'],"['Thursday', 'Monday', 'Sunday', 'Wednesday', 'Saturday']","['Audio', 'Video']",19,"['ADHD', 'Loneliness', 'Generalized Anxiety Disorder (GAD)']"
264,Dr. Zemedkun Gebre,Female,Jungian Therapy,['Amharic'],"['Wednesday', 'Saturday', 'Sunday', 'Friday', 'Tuesday']","['Video', 'Audio']",12,"['Self-Esteem Issues', 'Financial Stress', 'Anxiety']"
265,Dr. Haimanot Tesfaye,Male,Schema Therapy,['Tigrinya'],"['Tuesday', 'Saturday', 'Friday', 'Monday', 'Wednesday']","['Video', 'Audio']",14,"['Social Anxiety', 'Interpersonal Violence', 'Generalized Anxiety Disorder (GAD)']"
266,Dr. Getahun Bekele,Male,Schema Therapy,['English'],"['Saturday', 'Wednesday', 'Sunday', 'Thursday', 'Tuesday']","['Video', 'Audio']",4,"['ADHD', 'Relationships', 'Test Anxiety']"
267,Dr. Yemilework Alebachew,Male,Schema Therapy,['Amharic'],"['Sunday', 'Wednesday', 'Friday', 'Thursday', 'Tuesday']","['Video', 'Audio']",10,"['Financial Stress', 'Mood Disorders', 'Depression']"
268,Dr. Fasil Tadese,Male,Existential Psychotherapy,['Oromo'],"['Monday', 'Tuesday', 'Wednesday', 'Sunday', 'Saturday']","['Video', 'Audio']",17,"['Relationships', 'Substance Use', 'Stress']"
269,Dr. Azalech Mekonnen,Female,Mindfulness-Based Cognitive Therapy (MBCT),['Amharic'],"['Tuesday', 'Sunday', 'Monday', 'Friday', 'Thursday']","['Video', 'Audio']",4,"['Mood Disorders', 'PTSD', 'Family Conflict']"
270,Dr. Aklilu Berhanu,Male,Psychoanalysis,['Oromo'],"['Tuesday', 'Monday', 'Thursday', 'Sunday', 'Friday']","['Audio', 'Video']",12,"['Substance Use', 'Substance Use', 'Panic Disorders']"
271,Dr. Woyinshet Tsegaye,Female,Cognitive Analytic Therapy (CAT),['Amharic'],"['Saturday', 'Tuesday', 'Monday', 'Wednesday', 'Thursday']","['Audio', 'Video']",17,"['ADHD', 'Adjustment Disorders', 'Academic Burnout']"
272,Dr. Mengistu Desta,Female,Mindfulness-Based Cognitive Therapy (MBCT),['Oromo'],"['Friday', 'Saturday', 'Thursday', 'Tuesday', 'Monday']","['Audio', 'Video']",8,"['Substance Use', 'Family Conflict', 'Test Anxiety']"
273,Dr. Tsehay Alemu,Female,Cognitive Behavioral Therapy (CBT),['Amharic'],"['Tuesday', 'Friday', 'Wednesday', 'Monday', 'Thursday']","['Audio', 'Video']",2,"['Loneliness', 'Mood Disorders', 'OCD']"
274,Dr. Nebiyu Gebrekidan,Female,Gestalt Therapy,['English'],"['Saturday', 'Friday', 'Monday', 'Tuesday', 'Thursday']","['Audio', 'Video']",3,"['ADHD', 'Mood Disorders', 'Depression']"
275,Dr. Belaynesh Teshome,Female,Psychodynamic Psychotherapy,['English'],"['Tuesday', 'Thursday', 'Sunday', 'Friday', 'Saturday']","['Video', 'Audio']",8,"['Anxiety', 'Academic Burnout', 'OCD']"
276,Dr. Tadesse Bekele,Male,Humanistic Therapy,['Tigrinya'],"['Tuesday', 'Saturday', 'Wednesday', 'Monday', 'Sunday']","['Audio', 'Video']",11,"['Sleep Disorders', 'Academic Burnout', 'OCD']"
277,Dr. Roman Alebachew,Female,Psychodynamic Psychotherapy,['Oromo'],"['Friday', 'Saturday', 'Wednesday', 'Thursday', 'Tuesday']","['Audio', 'Video']",9,"['Generalized Anxiety Disorder (GAD)', 'Eating Disorders', 'Mood Disorders']"
278,Dr. Mesfin Mekuria,Female,Narrative Therapy,['English'],"['Saturday', 'Monday', 'Thursday', 'Tuesday', 'Sunday']","['Audio', 'Video']",15,"['Depression', 'Eating Disorders', 'BPD']"
279,Dr. Tsehaynesh Berihan,Male,Jungian Therapy,['Oromo'],"[]","['Audio', 'Video']",6,"['OCD', 'Stress', 'ADHD']"
280,Dr. Yitbarek Alemu,Female,Mindfulness-Based Cognitive Therapy (MBCT),['Oromo'],"['Wednesday', 'Friday', 'Monday', 'Tuesday', 'Sunday']","['Audio', 'Video']",9,"['Generalized Anxiety Disorder (GAD)', 'Adjustment Disorders', 'Academic Burnout']"
281,Dr. Yeshi Tadese,Male,Psychoanalysis,['Oromo'],"['Friday', 'Thursday', 'Monday', 'Sunday', 'Saturday']","['Audio', 'Video']",6,"['Social Anxiety', 'Self-Esteem Issues', 'Interpersonal Violence']"
282,Dr. Gashaw Gebre,Male,Adlerian Therapy,['Oromo'],"['Sunday', 'Monday', 'Thursday', 'Saturday', 'Wednesday']","['Video', 'Audio']",11,"['Somatic Complaints', 'Generalized Anxiety Disorder (GAD)', 'Depression']"
283,Dr. Werkinesh Tesfaye,Male,Adlerian Therapy,['Amharic'],"['Tuesday', 'Wednesday', 'Sunday', 'Friday', 'Thursday']","['Video', 'Audio']",8,"['Somatic Complaints', 'Interpersonal Violence', 'Academic Burnout']"
284,Dr. Fikadu Bekele,Male,Mindfulness-Based Cognitive Therapy (MBCT),['Amharic'],"[]","['Video', 'Audio']",11,"['Test Anxiety', 'Financial Stress', 'Adjustment Disorders']"
285,Dr. Azeb Alemu,Female,Transactional Analysis (TA),['English'],"['Thursday', 'Wednesday', 'Saturday', 'Sunday', 'Tuesday']","['Video', 'Audio']",15,"['Interpersonal Violence', 'ADHD', 'Eating Disorders']"
286,Dr. Zemedkun Tadesse,Female,Mindfulness-Based Cognitive Therapy (MBCT),['Amharic'],"['Tuesday', 'Sunday', 'Monday', 'Wednesday', 'Friday']","['Video', 'Audio']",18,"['Substance Use', 'Cultural Identity Stress', 'Depression']"
287,Dr. Haimanot Gebre,Female,Gestalt Therapy,['Tigrinya'],"[]","['Audio', 'Video']",18,"['Social Anxiety', 'BPD', 'Depression']"
288,Dr. Getahun Mekonnen,Female,Psychodynamic Psychotherapy,['Tigrinya'],"[]","['Audio', 'Video']",15,"['ADHD', 'Generalized Anxiety Disorder (GAD)', 'Grief and Loss']"
289,Dr. Yemilework Berhanu,Female,Solution-Focused Brief Therapy (SFBT),['Amharic'],"['Tuesday', 'Saturday', 'Monday', 'Thursday', 'Friday']","['Video', 'Audio']",15,"['Stress', 'BPD', 'Eating Disorders']"
290,Dr. Fasil Tsegaye,Female,Narrative Therapy,['Tigrinya'],"['Saturday', 'Thursday', 'Tuesday', 'Monday', 'Friday']","['Video', 'Audio']",12,"['Somatic Complaints', 'Adjustment Disorders', 'Grief and Loss']"
291,Dr. Azalech Alebachew,Male,Cognitive Analytic Therapy (CAT),['Tigrinya'],"[]","['Audio', 'Video']",12,"['Loneliness', 'Adjustment Disorders', 'Family Conflict']"
292,Dr. Aklilu Desta,Female,Jungian Therapy,['Oromo'],"[]","['Video', 'Audio']",10,"['Sleep Disorders', 'Grief and Loss', 'Depression']"
293,Dr. Woyinshet Teshome,Female,Jungian Therapy,['Oromo'],"['Monday', 'Friday', 'Tuesday', 'Saturday', 'Thursday']","['Audio', 'Video']",15,"['Suicidal Ideation', 'Somatic Complaints', 'Eating Disorders']"
294,Dr. Mengistu Alemu,Female,Transactional Analysis (TA),['Amharic'],"['Monday', 'Wednesday', 'Thursday', 'Friday', 'Sunday']","['Audio', 'Video']",15,"['Sleep Disorders', 'Trauma', 'Suicidal Ideation']"
295,Dr. Tsehay Bekele,Male,Humanistic Therapy,['Amharic'],"[]","['Audio', 'Video']",7,"['Trauma', 'Adjustment Disorders', 'Relationships']"
296,Dr. Nebiyu Tadese,Female,Adlerian Therapy,['English'],"[]","['Video', 'Audio']",9,"['Sleep Disorders', 'Depression', 'Adjustment Disorders']"
297,Dr. Belaynesh Gebre,Male,Narrative Therapy,['Oromo'],"[]","['Audio', 'Video']",18,"['Suicidal Ideation', 'Anxiety', 'Financial Stress']"
298,Dr. Tadesse Mekuria,Female,Interpersonal Psychotherapy (IPT),['Tigrinya'],"[]","['Audio', 'Video']",6,"['Eating Disorders', 'Panic Disorders', 'Grief and Loss']"
299,Dr. Roman Berihun,Female,Acceptance and Commitment Therapy(ACT)],['Tigrinya'],"[]","['Audio', 'Video']",16,"['OCD', 'Academic Burnout', 'Somatic Complaints']"
300,Dr. Mesfin Alemu,Male,Cognitive Behavioral Therapy (CBT),['Oromo'],"['Saturday', 'Monday', 'Thursday', 'Sunday', 'Friday']","['Video', 'Audio']",5,"['Eating Disorders', 'Mood Disorders', 'Family Conflict']"
301,Dr. Tsehaynesh Tadesse,Female,Cognitive Analytic Therapy (CAT),['Tigrinya'],"['Monday', 'Wednesday', 'Saturday', 'Friday', 'Tuesday']","['Video', 'Audio']",18,"['Relationships', 'Substance Use', 'Interpersonal Violence']"
302,Dr. Yitbarek Gebrekidan,Male,Mindfulness-Based Cognitive Therapy (MBCT),['English'],"['Wednesday', 'Sunday', 'Friday', 'Monday', 'Tuesday']","['Audio', 'Video']",5,"['Adjustment Disorders', 'BPD', 'Academic Burnout']"
303,Dr. Yeshi Teshome,Female,Adlerian Therapy,['English'],"['Friday', 'Saturday', 'Tuesday', 'Sunday', 'Monday']","['Video', 'Audio']",10,"['Suicidal Ideation', 'Test Anxiety', 'Stress']"
304,Dr. Gashaw Alemu,Female,Person-Centred Therapy,['Oromo'],"['Saturday', 'Friday', 'Sunday', 'Thursday', 'Monday']","['Video', 'Audio']",13,"['Eating Disorders', 'Substance Use', 'Social Anxiety']"
305,Dr. Werkinesh Bekele,Female,Cognitive Therapy,['English'],"['Saturday', 'Sunday', 'Wednesday', 'Friday', 'Thursday']","['Audio', 'Video']",9,"['Interpersonal Violence', 'Test Anxiety', 'OCD']"
306,Dr. Fikadu Tadese,Male,Mindfulness-Based Cognitive Therapy (MBCT),['Tigrinya'],"['Sunday', 'Monday', 'Tuesday', 'Thursday', 'Saturday']","['Audio', 'Video']",9,"['Eating Disorders', 'Anxiety', 'Cultural Identity Stress']"
307,Dr. Azeb Gebre,Male,Interpersonal Psychotherapy (IPT),['Amharic'],"['Tuesday', 'Sunday', 'Friday', 'Monday', 'Wednesday']","['Video', 'Audio']",1,"['Cultural Identity Stress', 'Financial Stress', 'Self-Esteem Issues']"
308,Dr. Zemedkun Mekonnen,Male,Schema Therapy,['Amharic'],"['Saturday', 'Monday', 'Friday', 'Tuesday', 'Sunday']","['Audio', 'Video']",3,"['Sleep Disorders', 'Cultural Identity Stress', 'Loneliness']"
309,Dr. Haimanot Berhanu,Male,Cognitive Analytic Therapy (CAT),['Oromo'],"['Thursday', 'Saturday', 'Sunday', 'Wednesday', 'Tuesday']","['Video', 'Audio']",1,"['Anxiety', 'Adjustment Disorders', 'PTSD']"
310,Dr. Getahun Tsegaye,Male,Psychodynamic Psychotherapy,['Tigrinya'],"['Tuesday', 'Wednesday', 'Monday', 'Sunday', 'Friday']","['Video', 'Audio']",13,"['Somatic Complaints', 'PTSD', 'Somatic Complaints']"
311,Dr. Yemilework Alebachew,Female,Adlerian Therapy,['English'],"['Sunday', 'Saturday', 'Monday', 'Wednesday', 'Tuesday']","['Audio', 'Video']",11,"['Trauma', 'Loneliness', 'Suicidal Ideation']"
312,Dr. Fasil Desta,Male,Interpersonal Psychotherapy (IPT),['Amharic'],"['Monday', 'Tuesday', 'Sunday', 'Wednesday', 'Thursday']","['Video', 'Audio']",14,"['OCD', 'Suicidal Ideation', 'Eating Disorders']"
313,Dr. Azalech Teshome,Female,Interpersonal Psychotherapy (IPT),['English'],"['Thursday', 'Wednesday', 'Sunday', 'Friday', 'Tuesday']","['Audio', 'Video']",16,"['Adjustment Disorders', 'Family Conflict', 'Depression']"
314,Dr. Aklilu Alemu,Female,Emotionally Focused Therapy (EFT),['English'],"['Saturday', 'Wednesday', 'Monday', 'Friday', 'Thursday']","['Video', 'Audio']",3,"['Cultural Identity Stress', 'Self-Esteem Issues', 'Anxiety']"
315,Dr. Woyinshet Bekele,Female,Adlerian Therapy,['Amharic'],"['Friday', 'Saturday', 'Sunday', 'Monday', 'Tuesday']","['Audio', 'Video']",12,"['OCD', 'Adjustment Disorders', 'ADHD']"
316,Dr. Mengistu Tadese,Female,Gestalt Therapy,['Amharic'],"['Tuesday', 'Wednesday', 'Saturday', 'Friday', 'Sunday']","['Video', 'Audio']",19,"['BPD', 'Sleep Disorders', 'Financial Stress']"
317,Dr. Tsehay Gebre,Female,Jungian Therapy,['Oromo'],"['Thursday', 'Monday', 'Tuesday', 'Saturday', 'Friday']","['Audio', 'Video']",5,"['Trauma', 'ADHD', 'Family Conflict']"
318,Dr. Nebiyu Mekuria,Female,Integrative Counselling,['Oromo'],"['Saturday', 'Thursday', 'Tuesday', 'Wednesday', 'Monday']","['Audio', 'Video']",19,"['Trauma', 'Suicidal Ideation', 'Generalized Anxiety Disorder (GAD)']"
319,Dr. Belaynesh Berihun,Female,Emotionally Focused Therapy (EFT),['Tigrinya'],"['Wednesday', 'Sunday', 'Saturday', 'Thursday', 'Monday']","['Audio', 'Video']",4,"['Somatic Complaints', 'Substance Use', 'Social Anxiety']"
320,Dr. Tadesse Alemu,Male,Psychoanalysis,['English'],"['Tuesday', 'Sunday', 'Saturday', 'Thursday', 'Friday']","['Audio', 'Video']",17,"['Loneliness', 'Family Conflict', 'Cultural Identity Stress']"
321,Dr. Roman Tadesse,Male,Dialectical Behavior Therapy (DBT),['English'],"['Wednesday', 'Saturday', 'Thursday', 'Tuesday', 'Sunday']","['Audio', 'Video']",18,"['Depression', 'Trauma', 'PTSD']"
322,Dr. Mesfin Gebrekidan,Male,Adlerian Therapy,['Amharic'],"['Monday', 'Friday', 'Sunday', 'Saturday', 'Tuesday']","['Video', 'Audio']",5,"['Mood Disorders', 'PTSD', 'Somatic Complaints']"
323,Dr. Tsehaynesh Teshome,Female,Psychoanalysis,['Oromo'],"['Friday', 'Wednesday', 'Tuesday', 'Monday', 'Sunday']","['Audio', 'Video']",11,"['Test Anxiety', 'Panic Disorders', 'Eating Disorders']"
324,Dr. Yitbarek Alemu,Male,Acceptance and Commitment Therapy (ACT),['Amharic'],"['Sunday', 'Saturday', 'Wednesday', 'Tuesday', 'Friday']","['Audio', 'Video']",13,"['Anxiety', 'Somatic Complaints', 'Anxiety']"
325,Dr. Yeshi Bekele,Female,Emotionally Focused Therapy (EFT),['Tigrinya'],"['Friday', 'Sunday', 'Tuesday', 'Thursday', 'Saturday']","['Video', 'Audio']",5,"['Sleep Disorders', 'Adjustment Disorders', 'Sleep Disorders']"
326,Dr. Gashaw Tadese,Male,Psychodynamic Psychotherapy,['Amharic'],"['Wednesday', 'Saturday', 'Thursday', 'Friday', 'Sunday']","['Audio', 'Video']",4,"['Grief and Loss', 'Somatic Complaints', 'Academic Burnout']"
327,Dr. Werkinesh Gebre,Female,Gestalt Therapy,['English'],"['Wednesday', 'Thursday', 'Tuesday', 'Sunday', 'Saturday']","['Video', 'Audio']",12,"['ADHD', 'Grief and Loss', 'Sleep Disorders']"
328,Dr. Fikadu Mekonnen,Male,Cognitive Analytic Therapy (CAT),['Oromo'],"['Monday', 'Tuesday', 'Saturday', 'Sunday', 'Friday']","['Audio', 'Video']",8,"['Test Anxiety', 'Relationships', 'Test Anxiety']"
329,Dr. Azeb Berhanu,Female,Dialectical Behavior Therapy (DBT),['Amharic'],"['Thursday', 'Friday', 'Sunday', 'Wednesday', 'Monday']","['Audio', 'Video']",5,"['Substance Use', 'Social Anxiety', 'Loneliness']"
330,Dr. Zemedkun Tsegaye,Female,Psychodynamic Psychotherapy,['English'],"['Friday', 'Monday', 'Sunday', 'Saturday', 'Thursday']","['Audio', 'Video']",17,"['Academic Burnout', 'Grief and Loss', 'Panic Disorders']"
331,Dr. Haimanot Alebachew,Female,Person-Centred Therapy,['English'],"['Sunday', 'Saturday', 'Tuesday', 'Monday', 'Friday']","['Video', 'Audio']",14,"['Adjustment Disorders', 'Somatic Complaints', 'Self-Esteem Issues']"
332,Dr. Getahun Desta,Male,Mindfulness-Based Cognitive Therapy (MBCT),['English'],"['Wednesday', 'Friday', 'Monday', 'Saturday', 'Tuesday']","['Audio', 'Video']",16,"['Family Conflict', 'Somatic Complaints', 'Loneliness']"
333,Dr. Yemilework Alemu,Female,Cognitive Therapy,['Oromo'],"['Saturday', 'Tuesday', 'Thursday', 'Sunday', 'Wednesday']","['Video', 'Audio']",2,"['Mood Disorders', 'Suicidal Ideation', 'Eating Disorders']"
334,Dr. Fasil Bekele,Female,Psychodynamic Psychotherapy,['Tigrinya'],"['Wednesday', 'Saturday', 'Monday', 'Friday', 'Sunday']","['Video', 'Audio']",5,"['OCD', 'Family Conflict', 'Self-Esteem Issues']"
335,Dr. Azalech Tadese,Male,Schema Therapy,['Amharic'],"['Wednesday', 'Monday', 'Friday', 'Tuesday', 'Thursday']","['Audio', 'Video']",6,"['Trauma', 'Trauma', 'Relationships']"
336,Dr. Aklilu Gebre,Male,Emotionally Focused Therapy (EFT),['Oromo'],"['Tuesday', 'Wednesday', 'Thursday', 'Friday', 'Sunday']","['Video', 'Audio']",4,"['Relationships', 'Stress', 'Substance Use']"
337,Dr. Woyinshet Mekuria,Male,Schema Therapy,['Amharic'],"['Thursday', 'Monday', 'Friday', 'Saturday', 'Tuesday']","['Video', 'Audio']",14,"['Adjustment Disorders', 'Interpersonal Violence', 'Stress']"
338,Dr. Mengistu Berihun,Male,Gestalt Therapy,['Tigrinya'],"['Tuesday', 'Thursday', 'Sunday', 'Friday', 'Wednesday']","['Audio', 'Video']",5,"['Generalized Anxiety Disorder (GAD)', 'PTSD', 'BPD']"
339,Dr. Tsehay Alemu,Female,Emotionally Focused Therapy (EFT),['Oromo'],"['Thursday', 'Friday', 'Saturday', 'Monday', 'Sunday']","['Audio', 'Video']",13,"['Generalized Anxiety Disorder (GAD)', 'Mood Disorders', 'ADHD']"
340,Dr. Nebiyu Tadesse,Female,Cognitive Therapy,['Oromo'],"['Saturday', 'Friday', 'Wednesday', 'Monday', 'Tuesday']","['Audio', 'Video']",14,"['Social Anxiety', 'Test Anxiety', 'BPD']"
341,Dr. Belaynesh Gebrekidan,Male,Humanistic Therapy,['Tigrinya'],"['Thursday', 'Monday', 'Sunday', 'Friday', 'Saturday']","['Audio', 'Video']",10,"['Self-Esteem Issues', 'Loneliness', 'Grief and Loss']"
342,Dr. Tadesse Teshome,Female,Existential Psychotherapy,['English'],"['Sunday', 'Thursday', 'Saturday', 'Friday', 'Monday']","['Video', 'Audio']",13,"['Anxiety', 'Social Anxiety', 'Financial Stress']"
343,Dr. Roman Alemu,Female,Emotionally Focused Therapy (EFT),['Amharic'],"['Sunday', 'Thursday', 'Tuesday', 'Wednesday', 'Friday']","['Audio', 'Video']",10,"['Cultural Identity Stress', 'PTSD', 'Academic Burnout']"
344,Dr. Mesfin Bekele,Male,Interpersonal Psychotherapy (IPT),['Oromo'],"['Friday', 'Thursday', 'Wednesday', 'Monday', 'Tuesday']","['Audio', 'Video']",17,"['Cultural Identity Stress', 'Financial Stress', 'Academic Burnout']"
345,Dr. Tsehaynesh Tadese,Male,Integrative Counselling,['Amharic'],"['Sunday', 'Saturday', 'Wednesday', 'Thursday', 'Monday']","['Video', 'Audio']",3,"['Sleep Disorders', 'Cultural Identity Stress', 'Trauma']"
346,Dr. Yitbarek Gebre,Female,Adlerian Therapy,['Amharic'],"['Friday', 'Wednesday', 'Monday', 'Sunday', 'Saturday']","['Video', 'Audio']",9,"['Test Anxiety', 'Panic Disorders', 'Self-Esteem Issues']"
347,Dr. Yeshi Mekonnen,Male,Cognitive Behavioral Therapy (CBT),['Amharic'],"['Friday', 'Tuesday', 'Sunday', 'Wednesday', 'Saturday']","['Audio', 'Video']",5,"['Trauma', 'Self-Esteem Issues', 'Interpersonal Violence']"
348,Dr. Gashaw Berhanu,Female,Schema Therapy,['Tigrinya'],"['Thursday', 'Sunday', 'Monday', 'Tuesday', 'Saturday']","['Audio', 'Video']",10,"['Relationships', 'BPD', 'Relationships']"
349,Dr. Werkinesh Tsegaye,Male,Cognitive Analytic Therapy (CAT),['Oromo'],"['Tuesday', 'Saturday', 'Sunday', 'Friday', 'Monday']","['Video', 'Audio']",7,"['Sleep Disorders', 'Stress', 'Depression']"
350,Dr. Fikadu Alebachew,Female,Mindfulness-Based Cognitive Therapy (MBCT),['Amharic'],"['Monday', 'Friday', 'Sunday', 'Thursday', 'Saturday']","['Video', 'Audio']",19,"['Cultural Identity Stress', 'Financial Stress', 'Eating Disorders']"
351,Dr. Azeb Desta,Female,Psychodynamic Psychotherapy,['Tigrinya'],"['Thursday', 'Saturday', 'Wednesday', 'Friday', 'Tuesday']","['Audio', 'Video']",5,"['Panic Disorders', 'Cultural Identity Stress', 'Loneliness']"
352,Dr. Zemedkun Alemu,Female,Person-Centred Therapy,['English'],"['Tuesday', 'Sunday', 'Monday', 'Thursday', 'Wednesday']","['Video', 'Audio']",5,"['Suicidal Ideation', 'Anxiety', 'Eating Disorders']"
353,Dr. Haimanot Bekele,Female,Emotionally Focused Therapy (EFT),['Oromo'],"['Friday', 'Monday', 'Thursday', 'Wednesday', 'Saturday']","['Audio', 'Video']",11,"['OCD', 'Trauma', 'PTSD']"
354,Dr. Getahun Tadese,Female,Interpersonal Psychotherapy (IPT),['Oromo'],"['Friday', 'Wednesday', 'Saturday', 'Sunday', 'Thursday']","['Audio', 'Video']",9,"['ADHD', 'Sleep Disorders', 'Sleep Disorders']"
355,Dr. Yemilework Gebre,Male,Person-Centred Therapy,['Tigrinya'],"['Wednesday', 'Saturday', 'Thursday', 'Monday', 'Sunday']","['Video', 'Audio']",15,"['Stress', 'Substance Use', 'Mood Disorders']"
356,Dr. Fasil Mekuria,Male,Dialectical Behavior Therapy (DBT),['Amharic'],"['Tuesday', 'Saturday', 'Friday', 'Wednesday', 'Sunday']","['Video', 'Audio']",4,"['Substance Use', 'Family Conflict', 'Suicidal Ideation']"
357,Dr. Azalech Berihun,Male,Adlerian Therapy,['Oromo'],"['Thursday', 'Friday', 'Monday', 'Tuesday', 'Sunday']","['Audio', 'Video']",7,"['Eating Disorders', 'Relationships', 'PTSD']"
358,Dr. Aklilu Alemu,Male,Jungian Therapy,['Tigrinya'],"['Wednesday', 'Friday', 'Thursday', 'Sunday', 'Monday']","['Audio', 'Video']",11,"['Sleep Disorders', 'Cultural Identity Stress', 'Relationships']"
359,Dr. Woyinshet Tadesse,Male,Cognitive Therapy,['Tigrinya'],"['Wednesday', 'Friday', 'Tuesday', 'Thursday', 'Sunday']","['Audio', 'Video']",15,"['Financial Stress', 'Panic Disorders', 'Test Anxiety']"
360,Dr. Mengistu Gebrekidan,Male,Acceptance and Commitment Therapy (ACT),['Amharic'],"['Wednesday', 'Tuesday', 'Thursday', 'Friday', 'Monday']","['Video', 'Audio']",7,"['Relationships', 'Suicidal Ideation', 'Family Conflict']"
361,Dr. Tsehay Teshome,Male,Cognitive Analytic Therapy (CAT),['Amharic'],"['Friday', 'Saturday', 'Thursday', 'Wednesday', 'Sunday']","['Video', 'Audio']",4,"['PTSD', 'Family Conflict', 'Relationships']"
362,Dr. Nebiyu Alemu,Male,Gestalt Therapy,['English'],"['Tuesday', 'Friday', 'Sunday', 'Monday', 'Wednesday']","['Video', 'Audio']",16,"['Financial Stress', 'Sleep Disorders', 'Cultural Identity Stress']"
363,Dr. Belaynesh Bekele,Female,Jungian Therapy,['Oromo'],"['Tuesday', 'Monday', 'Wednesday', 'Friday', 'Saturday']","['Audio', 'Video']",12,"['Generalized Anxiety Disorder (GAD)', 'Depression', 'OCD']"
364,Dr. Tadesse Tadese,Male,Dialectical Behavior Therapy (DBT),['English'],"['Friday', 'Wednesday', 'Tuesday', 'Sunday', 'Saturday']","['Video', 'Audio']",13,"['OCD', 'Social Anxiety', 'Mood Disorders']"
365,Dr. Roman Gebre,Male,Cognitive Analytic Therapy (CAT),['Oromo'],"['Thursday', 'Wednesday', 'Saturday', 'Monday', 'Tuesday']","['Audio', 'Video']",15,"['Substance Use', 'Trauma', 'Panic Disorders']"
366,Dr. Mesfin Mekonnen,Female,Schema Therapy,['Oromo'],"['Sunday', 'Monday', 'Wednesday', 'Thursday', 'Saturday']","['Video', 'Audio']",14,"['Eating Disorders', 'Cultural Identity Stress', 'Generalized Anxiety Disorder (GAD)']"
367,Dr. Tsehaynesh Berhanu,Female,Acceptance and Commitment Therapy (ACT),['Tigrinya'],"['Thursday', 'Sunday', 'Friday', 'Wednesday', 'Saturday']","['Video', 'Audio']",12,"['Academic Burnout', 'Financial Stress', 'Trauma']"
368,Dr. Yitbarek Tsegaye,Female,Mindfulness-Based Cognitive Therapy (MBCT),['Tigrinya'],"['Friday', 'Monday', 'Thursday', 'Wednesday', 'Tuesday']","['Video', 'Audio']",10,"['Grief and Loss', 'Eating Disorders', 'Test Anxiety']"
369,Dr. Yeshi Alebachew,Male,Transactional Analysis (TA),['Oromo'],"['Sunday', 'Thursday', 'Wednesday', 'Monday', 'Saturday']","['Audio', 'Video']",14,"['Financial Stress', 'Stress', 'Depression']"
370,Dr. Gashaw Desta,Male,Cognitive Analytic Therapy (CAT),['Oromo'],"['Wednesday', 'Tuesday', 'Friday', 'Monday', 'Thursday']","['Video', 'Audio']",11,"['Self-Esteem Issues', 'Grief and Loss', 'Relationships']"
371,Dr. Werkinesh Alemu,Female,Adlerian Therapy,['Tigrinya'],"['Thursday', 'Sunday', 'Tuesday', 'Wednesday', 'Friday']","['Video', 'Audio']",13,"['Eating Disorders', 'Adjustment Disorders', 'Academic Burnout']"
372,Dr. Fikadu Bekele,Male,Schema Therapy,['English'],"['Sunday', 'Monday', 'Tuesday', 'Thursday', 'Friday']","['Video', 'Audio']",15,"['Sleep Disorders', 'Trauma', 'Substance Use']"
373,Dr. Azeb Tadese,Female,Integrative Counselling,['Oromo'],"['Friday', 'Sunday', 'Tuesday', 'Saturday', 'Thursday']","['Video', 'Audio']",17,"['Mood Disorders', 'ADHD', 'Anxiety']"
374,Dr. Zemedkun Gebre,Female,Schema Therapy,['Oromo'],"['Saturday', 'Wednesday', 'Friday', 'Sunday', 'Thursday']","['Video', 'Audio']",4,"['Academic Burnout', 'Generalized Anxiety Disorder (GAD)', 'ADHD']"
375,Dr. Haimanot Mekuria,Female,Emotionally Focused Therapy (EFT),['Amharic'],"['Thursday', 'Monday', 'Tuesday', 'Saturday', 'Friday']","['Video', 'Audio']",2,"['Interpersonal Violence', 'Family Conflict', 'Generalized Anxiety Disorder (GAD)']"
376,Dr. Getahun Berihun,Female,Mindfulness-Based Cognitive Therapy (MBCT),['Amharic'],"['Wednesday', 'Thursday', 'Tuesday', 'Friday', 'Monday']","['Video', 'Audio']",1,"['Family Conflict', 'Family Conflict', 'Sleep Disorders']"
377,Dr. Yemilework Alemu,Female,Dialectical Behavior Therapy (DBT),['Tigrinya'],"['Tuesday', 'Saturday', 'Monday', 'Wednesday', 'Friday']","['Video', 'Audio']",13,"['Depression', 'Mood Disorders', 'Interpersonal Violence']"
378,Dr. Fasil Tadesse,Male,Cognitive Therapy,['Oromo'],"['Wednesday', 'Thursday', 'Saturday', 'Tuesday', 'Friday']","['Audio', 'Video']",13,"['Test Anxiety', 'Social Anxiety', 'ADHD']"
379,Dr. Azalech Gebrekidan,Male,Jungian Therapy,['English'],"['Friday', 'Sunday', 'Saturday', 'Monday', 'Tuesday']","['Video', 'Audio']",17,"['PTSD', 'Depression', 'Self-Esteem Issues']"
380,Dr. Aklilu Teshome,Female,Emotionally Focused Therapy (EFT),['English'],"['Sunday', 'Thursday', 'Wednesday', 'Saturday', 'Friday']","['Audio', 'Video']",14,"['Eating Disorders', 'Interpersonal Violence', 'BPD']"
381,Dr. Woyinshet Alemu,Female,Cognitive Behavioral Therapy (CBT),['Tigrinya'],"['Monday', 'Friday', 'Saturday', 'Wednesday', 'Thursday']","['Video', 'Audio']",1,"['ADHD', 'ADHD', 'BPD']"
382,Dr. Mengistu Bekele,Female,Emotionally Focused Therapy (EFT),['Oromo'],"['Saturday', 'Friday', 'Thursday', 'Monday', 'Sunday']","['Audio', 'Video']",5,"['PTSD', 'Somatic Complaints', 'PTSD']"
383,Dr. Tsehay Tadese,Female,Psychoanalysis,['English'],"['Friday', 'Sunday', 'Saturday', 'Wednesday', 'Tuesday']","['Audio', 'Video']",6,"['Relationships', 'Generalized Anxiety Disorder (GAD)', 'Suicidal Ideation']"
384,Dr. Nebiyu Gebre,Male,Acceptance and Commitment Therapy (ACT),['Tigrinya'],"['Thursday', 'Friday', 'Monday', 'Tuesday', 'Sunday']","['Audio', 'Video']",8,"['BPD', 'Stress', 'Somatic Complaints']"
385,Dr. Belaynesh Mekonnen,Male,Mindfulness-Based Cognitive Therapy (MBCT),['Tigrinya'],"['Friday', 'Tuesday', 'Wednesday', 'Monday', 'Saturday']","['Audio', 'Video']",15,"['Substance Use', 'Anxiety', 'Depression']"
386,Dr. Tadesse Berhanu,Male,Narrative Therapy,['Tigrinya'],"['Sunday', 'Wednesday', 'Friday', 'Tuesday', 'Saturday']","['Video', 'Audio']",4,"['Social Anxiety', 'Financial Stress', 'Cultural Identity Stress']"
387,Dr. Roman Tsegaye,Male,Jungian Therapy,['English'],"['Sunday', 'Friday', 'Saturday', 'Monday', 'Wednesday']","['Audio', 'Video']",9,"['Relationships', 'Generalized Anxiety Disorder (GAD)', 'Interpersonal Violence']"
388,Dr. Mesfin Alebachew,Female,Emotionally Focused Therapy (EFT),['Amharic'],"['Tuesday', 'Saturday', 'Monday', 'Thursday', 'Sunday']","['Audio', 'Video']",16,"['Substance Use', 'Stress', 'Stress']"
389,Dr. Tsehaynesh Desta,Male,Existential Psychotherapy,['English'],"['Wednesday', 'Thursday', 'Sunday', 'Tuesday', 'Friday']","['Audio', 'Video']",2,"['ADHD', 'Substance Use', 'Test Anxiety']"
390,Dr. Yitbarek Alemu,Male,Adlerian Therapy,['Amharic'],"['Saturday', 'Tuesday', 'Monday', 'Sunday', 'Wednesday']","['Audio', 'Video']",5,"['PTSD', 'Eating Disorders', 'Family Conflict']"
391,Dr. Yeshi Bekele,Male,Cognitive Analytic Therapy (CAT),['Oromo'],"['Sunday', 'Wednesday', 'Monday', 'Friday', 'Thursday']","['Audio', 'Video']",7,"['Academic Burnout', 'Cultural Identity Stress', 'Family Conflict']"
392,Dr. Gashaw Tadese,Female,Person-Centred Therapy,['Oromo'],"['Sunday', 'Monday', 'Tuesday', 'Wednesday', 'Thursday']","['Audio', 'Video']",9,"['Academic Burnout', 'Interpersonal Violence', 'Financial Stress']"
393,Dr. Werkinesh Gebre,Male,Cognitive Behavioral Therapy (CBT),['Tigrinya'],"['Sunday', 'Monday', 'Thursday', 'Saturday', 'Wednesday']","['Video', 'Audio']",10,"['Somatic Complaints', 'Social Anxiety', 'PTSD']"
394,Dr. Fikadu Mekuria,Male,Integrative Counselling,['Tigrinya'],"['Thursday', 'Saturday', 'Wednesday', 'Tuesday', 'Sunday']","['Video', 'Audio']",17,"['Grief and Loss', 'Family Conflict', 'ADHD']"
395,Dr. Azeb Berihun,Male,Existential Psychotherapy,['Amharic'],"['Friday', 'Wednesday', 'Tuesday', 'Thursday', 'Sunday']","['Video', 'Audio']",6,"['Anxiety', 'Depression', 'Generalized Anxiety Disorder (GAD)']"
396,Dr. Zemedkun Alemu,Female,Humanistic Therapy,['Tigrinya'],"['Saturday', 'Monday', 'Wednesday', 'Thursday', 'Tuesday']","['Video', 'Audio']",2,"['Interpersonal Violence', 'OCD', 'Somatic Complaints']"
397,Dr. Haimanot Tadesse,Female,Schema Therapy,['Oromo'],"['Saturday', 'Wednesday', 'Friday', 'Sunday', 'Thursday']","['Video', 'Audio']",9,"['Adjustment Disorders', 'Trauma', 'Loneliness']"
398,Dr. Getahun Gebrekidan,Female,Transactional Analysis (TA),['Oromo'],"['Wednesday', 'Saturday', 'Thursday', 'Sunday', 'Friday']","['Video', 'Audio']",7,"['Sleep Disorders', 'Self-Esteem Issues', 'Family Conflict']"
399,Dr. Yemilework Teshome,Female,Dialectical Behavior Therapy (DBT),['Amharic'],"['Sunday', 'Tuesday', 'Saturday', 'Wednesday', 'Friday']","['Audio', 'Video']",5,"['Somatic Complaints', 'Self-Esteem Issues', 'Eating Disorders']"
400,Dr. Fasil Alemu,Female,Schema Therapy,['Amharic'],"['Saturday', 'Tuesday', 'Thursday', 'Sunday', 'Monday']","['Video', 'Audio']",8,"['Adjustment Disorders', 'Mood Disorders', 'Academic Burnout']"
